date,tmax,tmit,tmin,rain,sunshine
2015-09-01,31.8,21.3,15.2,14.52,7.9
2015-09-02,16.0,14.5,12.3,6.42,0.0
2015-09-03,18.8,14.5,12.2,5.83,0.4
2015-09-04,20.9,15.1,11.0,0.31,5.6
2015-09-05,17.6,13.6,10.9,0.18,2.2
2015-09-06,15.2,11.2,6.9,4.5,5.0
2015-09-07,14.5,11.2,7.3,0,0.2
2015-09-08,18.8,13.2,8.9,0,8.3
2015-09-09,18.9,12.7,6.7,0,8.2
2015-09-10,17.6,10.2,5.3,0,4.6
2015-09-11,21.9,12.6,3.3,0,8.5
2015-09-12,25.5,16.1,7.1,0,9.1
2015-09-13,25.7,17.6,10.7,0,7.7
2015-09-14,18.4,14.3,11.9,4.15,1.6
2015-09-15,21.4,14.9,10.2,0.59,4.9
2015-09-16,29.1,19.3,9.9,0,6.4
2015-09-17,30.4,16.9,11.2,0.43,6.4
2015-09-18,18.6,14.5,11.2,1.73,1.8
2015-09-19,20.3,13.6,6.3,0.87,5.6
2015-09-20,16.7,11.9,8.4,1.7,1.9
2015-09-21,19.3,12.1,5.6,0,10.7
2015-09-22,18.9,12.5,5.3,2.92,4.1
2015-09-23,13.3,10.8,8.9,8.25,0.1
2015-09-24,14.5,10.7,6.1,0,1.3
2015-09-25,18.9,11.6,5.5,0,1.3
2015-09-26,16.3,12.9,10.7,0,0.0
2015-09-27,16.4,12.1,8.6,0,1.8
2015-09-28,14.7,11.1,6.3,0,1.1
2015-09-29,16.0,10.0,4.7,0,8.3
2015-09-30,15.6,9.8,5.2,0,10.1
2015-10-01,17.6,9.9,3.2,0,10.5
2015-10-02,19.2,10.5,3.0,0,10.2
2015-10-03,22.2,12.6,6.4,0,5.1
2015-10-04,14.9,9.5,4.1,0.1,1.3
2015-10-05,20.2,15.2,2.7,0.39,9.2
2015-10-06,23.0,15.6,10.7,7.67,6.2
2015-10-07,14.3,13.2,12.1,13.39,0.0
2015-10-08,17.2,12.0,8.7,0.03,1.7
2015-10-09,18.2,10.8,5.8,0,6.2
2015-10-10,12.7,9.6,4.5,0.03,0.0
2015-10-11,10.9,8.0,3.6,0,1.1
2015-10-12,12.2,5.1,-0.1,0,8.9
2015-10-13,8.2,5.7,3.6,15.08,0.0
2015-10-14,8.2,6.0,4.1,16.68,0.1
2015-10-15,5.1,4.7,4.2,9.22,0.0
2015-10-16,6.1,4.8,3.3,2.76,0.1
2015-10-17,9.2,5.8,3.4,0.92,0.8
2015-10-18,7.9,5.9,3.9,8.41,0.0
2015-10-19,9.5,5.3,1.4,0,0.3
2015-10-20,9.8,4.7,-1.0,0,2.5
2015-10-21,10.3,6.8,3.1,0,2.7
2015-10-22,12.2,8.6,5.9,0,2.3
2015-10-23,12.5,8.4,3.0,0.56,0.0
2015-10-24,15.1,5.0,2.5,0.12,4.0
2015-10-25,14.4,8.8,3.6,0,0.6
2015-10-26,13.0,8.1,4.3,0.02,2.2
2015-10-27,8.6,7.2,3.0,0.1,0.0
2015-10-28,10.2,6.8,3.0,0,1.0
2015-10-29,10.5,7.9,4.7,0.05,0.0
2015-10-30,9.2,8.2,7.3,0,0.0
2015-10-31,14.4,7.7,1.2,0,3.8
2015-11-01,15.3,4.1,-1.2,0,5.0
2015-11-02,13.7,2.4,-2.8,0,5.9
2015-11-03,12.8,2.9,-1.9,0,4.6
2015-11-04,16.5,8.5,0.9,0,0.2
2015-11-05,17.6,8.3,2.6,0,5.3
2015-11-06,19.5,10.9,2.1,0,5.5
2015-11-07,19.5,13.0,8.5,0.03,1.4
2015-11-08,19.1,12.8,6.1,0,4.4
2015-11-09,19.1,13.0,4.4,0.13,1.9
2015-11-10,19.0,14.4,11.3,0,6.6
2015-11-11,17.0,10.5,3.8,0,6.5
2015-11-12,15.3,7.2,1.0,0,7.0
2015-11-13,14.6,7.0,-1.0,0,4.1
2015-11-14,11.5,8.5,6.8,1.17,4.3
2015-11-15,17.9,13.4,7.6,0.28,1.8
2015-11-16,20.2,13.8,3.9,0,6.9
2015-11-17,15.6,10.9,3.2,0.12,0.0
2015-11-18,16.8,14.2,9.1,0,7.2
2015-11-19,15.9,13.8,11.8,0.1,4.0
2015-11-20,15.4,9.0,2.8,52.62,0.0
2015-11-21,5.2,2.5,-0.1,3.63,1.7
2015-11-22,2.4,0.4,-0.5,0.53,0.8
2015-11-23,3.2,-0.3,-3.5,0,2.5
2015-11-24,3.3,-2.2,-6.8,0,6.8
2015-11-25,3.3,1.9,-1.3,1,0.0
2015-11-26,3.6,1.6,-2.1,0.11,0.0
2015-11-27,1.5,-0.4,-2.6,0,0.0
2015-11-28,2.6,1.0,-1.1,2,1.1
2015-11-29,8.9,5.1,1.0,2.33,0.0
2015-11-30,10.2,9.5,8.6,0.1,0.0
2015-12-01,9.9,8.8,7.6,3.47,0.0
2015-12-02,9.5,7.7,4.5,0,0.0
2015-12-03,8.0,4.1,-2.8,0,2.6
2015-12-04,10.5,3.3,-4.4,1.11,3.8
2015-12-05,12.1,6.3,-0.2,0.02,6.3
2015-12-06,14.5,5.5,-1.0,0,6.5
2015-12-07,13.3,5.9,-0.4,0.1,5.9
2015-12-08,5.9,1.1,-3.1,0.02,5.3
2015-12-09,6.0,2.3,-1.6,4.78,0.0
2015-12-10,5.5,0.1,-3.7,0,6.0
2015-12-11,7.5,1.7,-5.0,0,5.1
2015-12-12,10.4,6.0,-1.0,0,2.1
2015-12-13,7.7,2.2,-2.9,0,5.8
2015-12-14,6.1,1.4,-2.2,0,0.2
2015-12-15,8.8,2.7,-2.0,0,0.8
2015-12-16,9.1,4.7,-0.5,4.66,0.0
2015-12-17,11.9,8.4,1.9,2.85,0.0
2015-12-18,11.3,4.8,-0.2,0.93,0.1
2015-12-19,8.6,3.0,-0.8,0,0.3
2015-12-20,9.2,1.6,-2.1,0,5.1
2015-12-21,9.9,4.0,-1.5,0.27,0.0
2015-12-22,14.7,8.5,2.1,0,5.7
2015-12-23,14.4,7.2,-1.2,0,4.9
2015-12-24,11.7,5.4,-0.4,0,5.7
2015-12-25,15.1,7.1,0.3,0,6.2
2015-12-26,13.4,3.7,-1.5,0,6.4
2015-12-27,12.8,2.3,-3.0,0,6.1
2015-12-28,9.6,0.4,-4.2,0,6.4
2015-12-29,3.9,-1.8,-5.6,0,1.6
2015-12-30,2.2,0.3,-2.6,0,0.0
2015-12-31,2.7,0.9,-1.2,5.6,0.3
2016-01-01,3.7,2.3,0.3,2.19,0.0
2016-01-02,0.4,-0.2,-0.5,1.76,0.0
2016-01-03,-0.4,-1.7,-4.0,5.45,0.0
2016-01-04,6.1,0.6,-4.8,2.74,1.7
2016-01-05,6.6,1.8,-1.8,0.56,1.6
2016-01-06,7.1,2.5,-0.9,2.03,0.8
2016-01-07,6.7,3.4,1.9,3.31,2.2
2016-01-08,8.2,5.1,3.0,1.28,3.6
2016-01-09,7.0,5.0,3.0,6.7,0.0
2016-01-10,7.7,4.3,-0.3,6.08,0.3
2016-01-11,7.3,5.3,3.9,7.57,0.0
2016-01-12,6.0,4.5,2.4,0.37,0.3
2016-01-13,3.8,2.7,1.4,0.87,0.0
2016-01-14,4.9,1.3,-2.9,0,5.9
2016-01-15,2.1,0.6,-1.2,2.62,0.2
2016-01-16,-0.1,-1.0,-1.7,1.8,0.1
2016-01-17,-0.9,-3.1,-5.8,3.31,1.3
2016-01-18,-3.1,-6.2,-8.7,0.03,4.7
2016-01-19,-4.1,-7.0,-9.9,0.01,0.1
2016-01-20,0.7,-5.3,-12.7,0,6.0
2016-01-21,0.0,-3.5,-12.1,0.44,0.3
2016-01-22,-6.0,-9.5,-14.7,0,0.0
2016-01-23,4.2,-0.5,-13.4,1.94,0.0
2016-01-24,5.0,0.6,-4.4,0,0.1
2016-01-25,12.1,4.7,-0.7,1.04,2.6
2016-01-26,16.1,5.0,-1.2,0,5.2
2016-01-27,14.6,7.7,-0.4,0,2.1
2016-01-28,12.9,9.2,5.5,1.32,0.0
2016-01-29,11.4,6.5,1.1,3.01,3.2
2016-01-30,13.1,5.9,-1.1,2.68,5.9
2016-01-31,9.6,3.0,0.6,21.18,0.0
2016-02-01,14.8,11.2,7.6,5.31,0.4
2016-02-02,12.7,9.2,6.8,0,3.8
2016-02-03,9.9,3.5,0.2,7.8,0.0
2016-02-04,4.0,1.8,0.6,2.32,0.0
2016-02-05,7.2,3.5,-0.2,0.5,0.3
2016-02-06,14.5,4.4,-2.1,0,6.9
2016-02-07,14.3,4.3,-2.8,0.06,1.0
2016-02-08,13.3,7.5,0.6,0.68,2.8
2016-02-09,11.4,7.9,5.1,1.36,0.4
2016-02-10,5.9,2.9,0.2,0.65,0.5
2016-02-11,7.3,1.9,-3.5,0.08,3.3
2016-02-12,6.8,0.7,-4.1,0,5.7
2016-02-13,8.4,3.9,0.2,2.93,0.6
2016-02-14,10.0,5.8,1.7,3.84,0.4
2016-02-15,7.7,4.2,2.1,0.1,3.1
2016-02-16,3.3,2.3,0.7,0,0.1
2016-02-17,2.5,1.5,0.7,0.75,0.0
2016-02-18,6.2,2.3,-1.8,0,1.3
2016-02-19,3.6,1.9,-0.5,0,0.1
2016-02-20,8.8,3.0,-0.6,12.88,0.4
2016-02-21,14.8,11.1,5.4,0,1.4
2016-02-22,18.3,13.1,6.7,0,6.1
2016-02-23,11.6,6.4,0.4,4.27,0.1
2016-02-24,6.2,2.3,0.6,0.62,3.2
2016-02-25,2.5,0.6,-0.5,5.82,0.0
2016-02-26,5.0,0.8,-3.8,0,8.4
2016-02-27,7.9,1.1,-3.4,0,5.8
2016-02-28,6.5,1.8,-0.9,0,0.0
2016-02-29,4.7,2.1,-1.0,19.87,0.0
2016-03-01,1.4,-0.4,-1.7,2.29,0.0
2016-03-02,8.6,3.7,0.6,8.79,0.4
2016-03-03,5.5,2.3,0.5,0,0.4
2016-03-04,7.6,3.7,0.2,0,6.6
2016-03-05,7.9,3.1,-0.6,4.65,0.3
2016-03-06,6.3,2.2,-1.1,1.1,1.8
2016-03-07,6.0,1.4,-1.2,0,3.0
2016-03-08,5.4,0.5,-2.5,1.52,2.7
2016-03-09,6.1,-0.8,-5.4,0,2.7
2016-03-10,9.8,1.9,-3.9,0,5.4
2016-03-11,8.3,2.7,-3.4,0,3.2
2016-03-12,6.7,4.3,2.7,0.07,0.0
2016-03-13,7.3,3.9,1.6,0,0.4
2016-03-14,7.9,3.0,-3.2,0,6.1
2016-03-15,1.2,-0.5,-4.1,4.27,0.0
2016-03-16,6.8,1.9,-2.1,1.06,6.4
2016-03-17,12.2,4.0,-1.6,0,10.1
2016-03-18,13.4,4.7,-3.4,0,10.6
2016-03-19,11.9,4.9,-2.2,0,10.7
2016-03-20,11.6,4.6,-0.1,0,5.2
2016-03-21,10.7,5.1,1.7,0,2.8
2016-03-22,9.7,5.8,3.2,0,1.6
2016-03-23,9.0,4.9,2.5,0,0.3
2016-03-24,9.0,4.8,2.1,0.09,1.4
2016-03-25,7.7,5.0,2.0,8.95,0.0
2016-03-26,13.2,6.8,1.8,3.97,4.5
2016-03-27,14.6,6.5,-2.7,4.71,5.3
2016-03-28,16.0,9.5,2.7,0.03,6.5
2016-03-29,15.2,9.3,3.2,1.1,5.8
2016-03-30,16.6,10.5,6.0,2.71,1.4
2016-03-31,23.0,14.0,4.6,0.05,7.2
2016-04-01,10.2,8.1,6.3,0,0.2
2016-04-02,17.0,9.8,5.6,0,4.0
2016-04-03,23.9,13.1,2.0,0,9.2
2016-04-04,22.0,14.5,8.0,0,8.8
2016-04-05,21.6,13.8,4.9,0,5.5
2016-04-06,15.5,10.4,5.5,1.27,2.7
2016-04-07,12.5,7.9,3.0,0.95,0.0
2016-04-08,8.5,6.3,4.2,2.48,0.0
2016-04-09,10.7,7.0,4.7,0.31,0.0
2016-04-10,14.9,9.2,4.5,0,2.6
2016-04-11,17.5,9.7,2.1,0,11.9
2016-04-12,19.0,11.6,4.2,4.82,6.8
2016-04-13,18.0,10.7,6.0,2.47,6.2
2016-04-14,14.7,9.3,4.0,0,4.2
2016-04-15,13.1,8.5,2.9,2.16,0.0
2016-04-16,19.3,12.0,5.8,0.1,5.4
2016-04-17,11.7,8.8,5.6,15.45,0.0
2016-04-18,12.4,8.1,5.5,2.8,0.7
2016-04-19,13.4,9.1,4.8,0,6.0
2016-04-20,16.6,9.8,3.2,0,10.4
2016-04-21,20.1,10.1,0.3,0,12.2
2016-04-22,20.2,12.1,1.7,0,10.9
2016-04-23,15.5,9.8,2.5,8.33,0.1
2016-04-24,8.2,3.5,0.4,0.11,2.4
2016-04-25,7.1,3.0,0.1,0.45,5.9
2016-04-26,8.9,3.9,0.0,6.85,0.0
2016-04-27,7.8,3.0,0.1,0.46,5.9
2016-04-28,12.4,4.3,-2.6,0,9.0
2016-04-29,16.9,7.6,-2.9,0,13.4
2016-04-30,20.3,11.5,-0.2,0,12.0
2016-05-01,13.1,9.8,7.5,2.57,0.7
2016-05-02,18.7,12.4,2.8,0.03,5.1
2016-05-03,17.3,10.9,7.2,3.59,0.0
2016-05-04,14.7,9.4,6.0,0.04,0.0
2016-05-05,15.9,9.9,1.5,0,0.0
2016-05-06,22.3,14.5,3.2,0,0.0
2016-05-07,23.1,15.6,4.2,0,0.0
2016-05-08,22.8,16.4,7.7,0,0.0
2016-05-09,24.0,17.0,7.2,0,0.0
2016-05-10,18.6,14.9,8.6,0.4,0.0
2016-05-11,21.7,15.0,8.6,0,0.0
2016-05-12,16.4,12.2,9.3,3.8,0.0
2016-05-13,16.0,11.0,8.9,6.28,0.0
2016-05-14,16.2,11.2,5.5,22.48,1.5
2016-05-15,11.1,7.4,5.1,0.02,4.7
2016-05-16,10.9,6.5,4.8,5.14,0.6
2016-05-17,13.6,8.3,4.3,0.02,5.9
2016-05-18,19.0,12.3,4.3,0,10.4
2016-05-19,11.7,10.1,8.2,8.14,0.0
2016-05-20,18.8,12.4,8.4,0,6.1
2016-05-21,23.6,15.3,5.7,0,12.8
2016-05-22,28.3,19.1,6.8,0,12.0
2016-05-23,15.6,10.2,6.9,14.93,0.8
2016-05-24,10.6,9.1,7.1,22.85,0.0
2016-05-25,18.1,12.5,8.7,0,3.7
2016-05-26,23.5,16.5,8.7,0.16,10.8
2016-05-27,25.6,18.1,10.3,0.08,9.8
2016-05-28,24.3,18.3,12.4,0.33,6.9
2016-05-29,25.3,17.5,13.4,4.04,4.1
2016-05-30,20.9,15.3,12.7,4.76,3.9
2016-05-31,17.3,13.8,10.8,3.04,1.1
2016-06-01,19.6,15.5,12.4,0,2.9
2016-06-02,17.1,14.2,12.3,9.52,0.1
2016-06-03,20.8,14.7,9.5,1.27,4.9
2016-06-04,20.9,16.4,11.4,0.86,2.5
2016-06-05,22.0,15.7,11.5,6.77,2.7
2016-06-06,25.7,18.5,10.2,2.58,13.7
2016-06-07,25.7,18.4,10.4,0,13.6
2016-06-08,20.3,17.2,11.6,6.27,0.1
2016-06-09,18.5,14.5,10.9,4.55,2.7
2016-06-10,21.9,15.6,8.9,0,12.9
2016-06-11,18.2,14.1,10.3,7.34,0.6
2016-06-12,21.1,15.2,11.4,3.84,2.4
2016-06-13,20.5,15.5,13.0,1.82,3.5
2016-06-14,21.0,14.9,11.2,6.34,2.6
2016-06-15,21.3,15.2,11.2,3.04,6.5
2016-06-16,23.4,15.7,12.0,8.37,5.2
2016-06-17,20.2,14.0,9.4,3.81,7.0
2016-06-18,22.3,15.5,8.8,10.1,7.0
2016-06-19,15.8,13.2,11.6,9.62,0.1
2016-06-20,21.9,15.8,11.1,0,9.4
2016-06-21,23.2,17.8,13.2,0.11,2.1
2016-06-22,27.4,21.2,15.0,0,11.8
2016-06-23,30.9,22.5,12.5,0,14.5
2016-06-24,32.0,23.0,13.0,0,11.3
2016-06-25,28.5,21.4,16.2,8.09,9.3
2016-06-26,18.7,15.5,13.3,1.39,0.1
2016-06-27,22.4,17.0,12.7,2.59,9.2
2016-06-28,25.8,19.2,13.7,0,9.5
2016-06-29,26.4,19.9,13.2,0,7.2
2016-06-30,24.8,18.7,14.6,11.56,2.3
2016-07-01,27.4,20.6,13.7,2.41,12.0
2016-07-02,24.0,18.2,13.3,2.8,2.4
2016-07-03,20.4,15.8,10.1,0.11,6.0
2016-07-04,24.5,18.2,13.3,0.03,9.5
2016-07-05,26.7,19.6,10.4,0,11.0
2016-07-06,22.0,17.9,13.9,0,9.6
2016-07-07,24.5,18.1,10.9,0,11.7
2016-07-08,29.2,20.3,9.4,0,11.7
2016-07-09,27.2,22.0,14.6,0,10.1
2016-07-10,31.7,23.0,12.1,0,14.1
2016-07-11,32.2,25.9,19.4,0.07,10.8
2016-07-12,22.3,17.9,15.2,28.63,0.3
2016-07-13,19.0,14.4,10.6,34.85,0.7
2016-07-14,18.1,12.5,10.5,6.01,3.3
2016-07-15,18.4,13.3,9.2,0.06,6.6
2016-07-16,21.3,15.7,9.6,0,5.0
2016-07-17,25.6,18.7,13.6,1.18,4.4
2016-07-18,27.5,21.1,15.0,0,11.3
2016-07-19,28.9,21.3,12.9,0,13.1
2016-07-20,30.6,22.1,12.6,0,13.9
2016-07-21,27.0,20.0,15.3,4.75,6.3
2016-07-22,26.7,20.6,14.8,0.06,8.0
2016-07-23,26.5,20.5,17.0,4.23,3.0
2016-07-24,28.4,21.8,16.5,0.04,10.2
2016-07-25,27.2,21.1,16.9,0.24,3.8
2016-07-26,25.4,19.7,14.8,3.58,5.5
2016-07-27,26.7,19.2,13.2,11.23,5.5
2016-07-28,25.8,19.0,14.5,2.17,4.8
2016-07-29,26.7,20.2,15.3,0.05,6.6
2016-07-30,30.4,22.5,17.3,0,11.1
2016-07-31,21.5,18.7,16.7,0.84,1.3
2016-08-01,22.6,17.4,12.0,0.04,9.5
2016-08-02,22.8,17.6,11.3,0.27,0.2
2016-08-03,28.1,21.3,13.6,0,10.9
2016-08-04,30.5,22.2,12.7,2.45,11.4
2016-08-05,15.5,14.2,12.2,38.45,0.0
2016-08-06,21.5,16.7,11.7,0,11.5
2016-08-07,25.3,17.7,10.3,0.02,13.0
2016-08-08,27.6,19.5,10.0,5.15,0.0
2016-08-09,18.4,15.2,11.9,8.05,0.6
2016-08-10,16.5,11.7,10.7,1.77,0.6
2016-08-11,19.1,14.2,9.1,0.95,6.7
2016-08-12,16.7,13.9,11.1,3.62,0.0
2016-08-13,26.5,19.0,11.6,0.09,13.1
2016-08-14,27.6,20.1,12.1,0.03,9.9
2016-08-15,26.5,19.7,13.4,0,10.8
2016-08-16,27.5,19.4,11.4,0.02,11.7
2016-08-17,24.4,18.0,11.8,0,10.4
2016-08-18,24.3,16.7,10.7,7.74,4.0
2016-08-19,24.8,18.2,13.0,0.12,6.1
2016-08-20,27.1,20.0,14.9,1.83,5.1
2016-08-21,21.2,15.8,12.5,5.98,4.6
2016-08-22,22.0,16.4,12.3,0,9.1
2016-08-23,25.4,17.9,10.0,0,12.4
2016-08-24,26.4,19.4,11.6,0,12.4
2016-08-25,27.7,19.9,13.0,0,12.4
2016-08-26,31.2,20.8,10.4,0,12.3
2016-08-27,30.6,21.5,12.8,0,11.3
2016-08-28,31.8,22.7,14.2,0,8.4
2016-08-29,23.2,19.3,16.9,8.18,1.9
2016-08-30,24.6,18.6,13.8,0,5.5
2016-08-31,25.7,18.3,11.8,0,11.9
2016-09-01,26.2,19.0,13.4,0,4.9
2016-09-02,26.2,18.9,12.7,0,9.9
2016-09-03,25.6,18.8,12.6,0.04,7.6
2016-09-04,26.0,19.4,12.8,0.15,4.0
2016-09-05,20.3,16.3,12.6,6.54,4.3
2016-09-06,22.5,17.2,13.9,0.02,5.8
2016-09-07,24.6,17.8,11.9,0,8.8
2016-09-08,28.5,19.5,11.3,0,11.6
2016-09-09,27.9,20.2,14.2,0,9.0
2016-09-10,28.2,19.6,12.1,0,9.7
2016-09-11,28.6,20.4,14.0,0.03,10.7
2016-09-12,29.5,20.2,12.5,0,11.3
2016-09-13,28.5,19.9,11.7,0,11.0
2016-09-14,27.7,19.6,11.2,0,10.7
2016-09-15,28.8,20.5,12.5,0,8.7
2016-09-16,23.3,18.1,14.1,10.03,4.6
2016-09-17,14.1,13.0,11.9,35.68,0.0
2016-09-18,14.4,13.2,12.4,14.79,0.0
2016-09-19,13.5,11.9,10.5,11.19,0.0
2016-09-20,14.5,11.5,6.6,0.2,1.7
2016-09-21,16.7,9.0,4.7,0.04,2.4
2016-09-22,19.1,10.9,3.5,0,10.0
2016-09-23,20.0,12.0,4.5,0,7.4
2016-09-24,20.8,12.3,5.8,0,8.0
2016-09-25,22.2,12.9,5.1,0,9.0
2016-09-26,22.8,14.1,6.8,0,10.3
2016-09-27,19.8,11.9,6.6,0,4.8
2016-09-28,21.6,14.2,6.7,0,7.0
2016-09-29,24.7,16.5,9.5,0,10.3
2016-09-30,24.8,16.1,9.1,0,10.5
2016-10-01,23.1,15.2,7.5,0.42,8.0
2016-10-02,13.9,11.7,8.3,6.25,0.0
2016-10-03,14.1,10.3,8.0,2.67,2.3
2016-10-04,10.5,8.5,6.5,3.99,0.0
2016-10-05,11.0,6.6,1.9,0.02,8.2
2016-10-06,9.2,6.8,5.1,2.4,0.1
2016-10-07,10.4,8.3,7.0,2.15,0.0
2016-10-08,10.3,7.2,4.9,0.69,0.2
2016-10-09,12.9,6.0,0.6,0.02,5.2
2016-10-10,12.2,5.0,0.1,0,1.9
2016-10-11,10.5,5.6,3.5,0.59,1.6
2016-10-12,10.3,5.3,1.7,0.36,1.8
2016-10-13,10.9,5.9,2.3,0,4.3
2016-10-14,14.4,9.0,4.4,0,1.3
2016-10-15,18.5,13.0,8.7,0,5.4
2016-10-16,19.6,11.5,5.6,0,7.0
2016-10-17,13.8,10.4,5.0,0.13,0.6
2016-10-18,12.5,10.8,8.9,17.1,0.2
2016-10-19,9.7,8.5,6.8,1.31,0.2
2016-10-20,12.8,8.1,4.7,0.2,3.0
2016-10-21,7.5,5.8,3.7,1.48,0.2
2016-10-22,12.2,6.0,0.5,0,6.4
2016-10-23,14.2,6.0,-1.3,0.37,5.8
2016-10-24,19.1,11.8,7.3,0.61,4.4
2016-10-25,15.0,11.7,6.6,5.41,0.0
2016-10-26,14.5,9.9,5.6,0.11,1.1
2016-10-27,12.6,6.4,1.7,0,2.6
2016-10-28,13.0,6.2,-0.5,0,7.1
2016-10-29,10.9,8.0,2.7,0.38,0.0
2016-10-30,12.8,6.7,1.1,0,5.2
2016-10-31,12.5,4.5,0.5,0,1.6
2016-11-01,6.1,2.9,0.0,0.01,0.0
2016-11-02,9.9,6.1,4.7,6.23,0.0
2016-11-03,9.4,3.2,-2.1,0,1.5
2016-11-04,11.3,2.5,0.9,0,7.2
2016-11-05,13.7,8.7,3.2,2.42,2.3
2016-11-06,6.6,2.3,1.9,18.09,0.0
2016-11-07,4.5,1.5,-1.4,0.48,0.7
2016-11-08,5.4,1.0,-1.7,0,4.0
2016-11-09,5.2,2.3,-0.7,3.27,2.4
2016-11-10,7.8,5.0,3.6,2.86,0.5
2016-11-11,6.0,3.5,1.3,10.27,0.0
2016-11-12,3.2,0.8,-2.5,1.5,0.3
2016-11-13,1.9,-0.6,-2.6,0,0.2
2016-11-14,3.5,-1.4,-6.0,0,5.5
2016-11-15,5.7,2.2,-1.5,3.11,0.1
2016-11-16,9.7,7.7,4.8,11.36,0.0
2016-11-17,11.5,8.8,5.0,1.67,0.2
2016-11-18,14.5,8.9,4.6,0.05,1.9
2016-11-19,7.1,5.2,1.0,9.98,0.0
2016-11-20,10.2,3.1,-0.8,0,3.9
2016-11-21,18.7,9.1,-1.0,0.02,4.4
2016-11-22,12.6,6.3,1.6,0,0.0
2016-11-23,13.7,5.9,0.3,0,0.0
2016-11-24,6.1,5.7,4.7,0.03,0.0
2016-11-25,7.2,5.9,4.3,0,0.0
2016-11-26,6.4,5.6,4.9,0.25,0.0
2016-11-27,6.7,4.6,-1.4,0.41,0.2
2016-11-28,3.2,-1.5,-4.5,0,4.7
2016-11-29,1.5,-3.3,-7.3,0,6.4
2016-11-30,4.5,-1.5,-8.9,0,5.9
2016-12-01,5.5,2.3,-0.7,0,0.0
2016-12-02,6.2,3.0,1.2,0.33,0.6
2016-12-03,1.4,-2.3,-6.2,0,0.3
2016-12-04,-1.7,-4.6,-8.7,0,0.0
2016-12-05,-1.4,-2.6,-3.7,0,0.0
2016-12-06,1.8,-2.8,-5.3,0,4.7
2016-12-07,-0.9,-3.2,-5.1,0,0.9
2016-12-08,7.0,-1.1,-5.6,0,5.4
2016-12-09,9.3,1.8,-5.1,0,3.1
2016-12-10,11.1,1.7,-3.1,0,4.5
2016-12-11,7.2,2.4,-4.8,0.29,0.5
2016-12-12,6.2,3.4,-1.9,0.87,0.4
2016-12-13,7.4,0.2,-5.4,0,4.9
2016-12-14,9.9,4.5,0.3,0.11,2.2
2016-12-15,4.8,1.9,0.8,0,0.0
2016-12-16,1.3,-0.3,-1.2,0,0.0
2016-12-17,-0.8,-1.4,-2.0,0,0.0
2016-12-18,2.2,0.3,-1.0,0.41,0.0
2016-12-19,1.3,0.3,-1.2,0,0.0
2016-12-20,-1.1,-1.9,-2.3,0,0.0
2016-12-21,-1.7,-2.3,-2.9,0,0.0
2016-12-22,-0.7,-2.2,-3.5,0,0.0
2016-12-23,3.8,0.4,-3.2,0.67,0.0
2016-12-24,8.0,5.0,0.7,0.05,0.0
2016-12-25,10.1,7.4,5.2,0.38,0.0
2016-12-26,11.9,8.3,2.7,0.45,1.7
2016-12-27,4.2,2.3,0.3,0,0.7
2016-12-28,4.6,2.7,-0.3,0,0.0
2016-12-29,6.2,1.1,-4.2,0,4.2
2016-12-30,0.9,-5.4,-7.7,0,3.7
2016-12-31,-1.1,-4.7,-6.5,0,2.7
2017-01-01,-1.2,-6.1,-9.9,0,1.2
2017-01-02,-0.6,-4.3,-10.3,2.72,0.0
2017-01-03,0.6,-1.3,-3.1,0,3.0
2017-01-04,1.2,0.2,-0.9,1.72,0.0
2017-01-05,-0.1,-4.5,-9.9,0.76,0.0
2017-01-06,-6.6,-13.0,-19.2,0,6.2
2017-01-07,-5.4,-11.7,-20.2,1.24,0.0
2017-01-08,-1.5,-2.7,-5.4,2.39,0.0
2017-01-09,-0.4,-1.9,-3.4,0,0.0
2017-01-10,-1.0,-3.8,-6.4,0,6.5
2017-01-11,3.2,2.2,-7.8,1.09,0.0
2017-01-12,4.9,2.8,1.5,8.06,0.0
2017-01-13,4.8,1.1,-2.1,2.75,0.0
2017-01-14,1.8,-0.8,-2.4,0.77,0.5
2017-01-15,0.8,-2.3,-3.8,1.82,0.8
2017-01-16,-2.2,-4.3,-6.6,0.72,0.1
2017-01-17,-2.9,-6.4,-8.9,0,4.7
2017-01-18,-3.3,-5.1,-7.5,0,0.0
2017-01-19,-3.0,-6.8,-10.5,0,6.2
2017-01-20,-1.5,-8.8,-14.2,0,6.7
2017-01-21,-4.7,-11.5,-15.4,0,5.9
2017-01-22,-8.6,-12.2,-15.0,0,1.6
2017-01-23,-7.4,-12.6,-16.7,0,4.6
2017-01-24,-7.6,-9.5,-12.8,0.3,0.0
2017-01-25,-3.8,-6.7,-10.4,0.24,0.0
2017-01-26,-0.2,-4.6,-11.8,0,3.6
2017-01-27,1.9,-7.1,-14.8,0,7.0
2017-01-28,1.3,-7.5,-14.1,0,6.0
2017-01-29,5.1,-6.1,-12.8,0,7.2
2017-01-30,4.1,-3.2,-11.0,1.35,1.0
2017-01-31,5.1,3.4,0.3,10.14,0.0
2017-02-01,3.6,1.3,0.0,0,0.0
2017-02-02,7.4,1.4,-1.5,0,3.4
2017-02-03,5.6,0.9,-3.1,0.06,0.0
2017-02-04,9.5,5.3,1.0,0,3.4
2017-02-05,8.9,4.7,-0.8,0,6.0
2017-02-06,3.4,2.0,0.6,0,0.0
2017-02-07,7.2,2.6,0.2,0,2.9
2017-02-08,2.4,0.5,-2.1,0,0.0
2017-02-09,1.3,-1.7,-2.9,0,3.0
2017-02-10,-0.9,-2.0,-2.8,0,0.0
2017-02-11,5.4,-0.5,-5.9,0,7.6
2017-02-12,0.1,-0.9,-1.7,0,0.0
2017-02-13,4.3,0.5,-1.6,0,2.9
2017-02-14,8.3,-0.3,-6.3,0,8.1
2017-02-15,10.7,0.9,-5.7,0,8.2
2017-02-16,13.9,3.5,-3.7,0,7.0
2017-02-17,5.4,3.4,-0.1,10.74,0.3
2017-02-18,5.9,2.6,-2.8,0,0.0
2017-02-19,8.1,0.8,-4.1,0,4.8
2017-02-20,8.8,6.0,2.8,3.85,1.6
2017-02-21,9.4,8.1,6.3,4.49,0.0
2017-02-22,12.0,9.8,8.6,0.08,0.7
2017-02-23,19.1,12.9,7.0,0,4.6
2017-02-24,12.0,5.0,0.7,2.56,2.7
2017-02-25,9.0,2.3,-2.5,0,9.1
2017-02-26,11.5,4.0,-2.3,0,2.9
2017-02-27,15.1,4.6,-3.0,0,7.6
2017-02-28,5.5,2.8,-0.9,11.94,0.0
2017-03-01,8.1,5.4,2.2,1.14,1.4
2017-03-02,11.4,7.3,2.3,5.68,4.1
2017-03-03,12.2,4.6,-2.1,0,5.3
2017-03-04,18.7,9.4,-1.7,0,5.9
2017-03-05,11.1,6.8,1.8,1.74,2.7
2017-03-06,9.2,5.6,3.0,0.39,1.6
2017-03-07,7.0,3.6,2.2,2.42,1.9
2017-03-08,8.7,5.2,0.6,7.25,3.4
2017-03-09,9.5,8.5,7.5,11.84,0.1
2017-03-10,8.5,4.9,-1.8,0,3.7
2017-03-11,11.1,3.7,-3.8,0,6.0
2017-03-12,10.7,4.4,-1.7,0,9.5
2017-03-13,10.9,3.5,-4.3,0,9.2
2017-03-14,12.6,6.3,0.5,0,3.9
2017-03-15,12.5,6.9,1.0,0,2.7
2017-03-16,15.9,6.3,-1.1,0,8.7
2017-03-17,19.8,9.7,-1.5,0.1,9.0
2017-03-18,9.6,8.4,6.9,4.17,0.0
2017-03-19,14.1,11.3,8.4,0.8,0.2
2017-03-20,15.6,10.7,7.5,0.34,3.5
2017-03-21,14.6,10.6,6.9,0,1.6
2017-03-22,8.2,6.6,5.2,4.66,0.0
2017-03-23,13.9,8.7,4.6,0.13,7.3
2017-03-24,9.0,6.5,3.1,0,0.0
2017-03-25,13.5,8.3,4.2,0,8.9
2017-03-26,12.6,6.6,0.2,0,9.2
2017-03-27,17.0,7.3,-0.3,0,10.6
2017-03-28,18.6,8.8,-2.2,0,11.1
2017-03-29,18.7,12.4,6.1,0.27,9.6
2017-03-30,20.1,14.6,2.6,0.05,9.7
2017-03-31,23.5,12.5,2.1,0.12,10.8
2017-04-01,22.6,13.7,3.1,0.03,8.0
2017-04-02,19.8,13.2,7.8,0,10.5
2017-04-03,17.0,10.8,5.6,1.77,1.4
2017-04-04,13.2,8.0,3.3,0.22,2.1
2017-04-05,13.3,8.9,3.9,0.1,1.1
2017-04-06,9.2,6.6,3.5,0,1.8
2017-04-07,14.7,8.8,4.9,0,4.0
2017-04-08,18.5,10.5,3.1,0.03,11.8
2017-04-09,21.6,12.0,1.8,0.02,11.9
2017-04-10,23.3,14.7,3.5,0,9.8
2017-04-11,13.1,8.8,1.4,0,7.7
2017-04-12,18.5,10.6,0.1,0,6.9
2017-04-13,14.5,11.2,4.9,0,0.9
2017-04-14,13.5,9.5,4.5,0,1.2
2017-04-15,15.7,10.4,5.0,1.49,2.9
2017-04-16,8.4,6.2,3.4,5.65,0.0
2017-04-17,9.6,5.0,2.6,10.9,0.4
2017-04-18,6.0,1.8,0.0,9.6,2.6
2017-04-19,4.8,1.6,-0.1,0.1,1.6
2017-04-20,6.6,1.8,-2.5,0,4.7
2017-04-21,12.0,5.5,-3.7,0,11.7
2017-04-22,11.3,6.7,3.3,1.67,0.0
2017-04-23,9.6,4.9,-1.7,0,4.4
2017-04-24,17.1,7.4,-3.7,6.1,10.9
2017-04-25,12.7,7.1,4.9,13.53,0.2
2017-04-26,5.0,3.1,1.9,20.13,0.0
2017-04-27,4.5,2.8,0.5,16.84,0.0
2017-04-28,4.5,2.0,-0.1,15.23,0.0
2017-04-29,12.3,6.1,0.7,0.04,5.5
2017-04-30,16.1,8.4,-2.0,0.09,11.7
2017-05-01,14.4,6.5,1.1,15.17,5.3
2017-05-02,16.1,9.4,3.5,3.9,6.5
2017-05-03,15.4,10.2,6.7,0,3.0
2017-05-04,15.4,10.0,7.0,6.67,5.8
2017-05-05,16.2,10.3,6.3,2.18,3.8
2017-05-06,22.2,13.2,4.3,0.21,9.1
2017-05-07,12.1,10.5,9.6,6.44,0.0
2017-05-08,11.6,9.4,6.5,22.98,0.0
2017-05-09,12.0,7.8,5.2,0,2.0
2017-05-10,17.7,9.5,0.1,0.02,13.6
2017-05-11,22.8,14.3,2.4,0.06,9.7
2017-05-12,22.6,16.6,11.8,0.45,8.2
2017-05-13,22.0,15.8,10.5,1.81,7.5
2017-05-14,20.2,14.9,9.9,4,4.0
2017-05-15,18.6,13.5,8.6,7.43,5.7
2017-05-16,22.4,14.9,6.0,0.12,12.9
2017-05-17,24.7,17.2,7.1,0,13.9
2017-05-18,27.3,18.6,8.3,0,11.0
2017-05-19,24.3,15.2,7.4,6.98,8.1
2017-05-20,18.3,11.7,4.2,0,9.9
2017-05-21,19.5,13.2,5.8,0,9.4
2017-05-22,23.2,15.8,8.3,0,12.6
2017-05-23,24.9,18.0,10.5,0,8.8
2017-05-24,18.3,16.0,11.6,0,3.3
2017-05-25,20.5,14.6,8.5,0,8.1
2017-05-26,23.7,15.8,6.2,0,14.1
2017-05-27,26.2,17.9,7.7,0,14.1
2017-05-28,29.1,18.7,7.7,0,13.6
2017-05-29,30.2,21.2,9.9,0,11.3
2017-05-30,29.3,22.2,15.7,14.83,11.5
2017-05-31,26.1,20.6,15.0,0.38,8.3
2017-06-01,25.9,19.4,12.7,0.92,9.0
2017-06-02,25.2,20.4,13.0,0,7.6
2017-06-03,28.2,21.2,12.9,4.95,11.9
2017-06-04,19.8,16.2,11.5,9.3,2.4
2017-06-05,22.6,15.6,11.2,7.41,3.3
2017-06-06,17.0,13.3,8.3,7.95,0.1
2017-06-07,15.9,11.6,6.4,0.98,9.0
2017-06-08,22.6,14.2,4.5,0,14.4
2017-06-09,25.6,16.7,6.4,1.84,7.9
2017-06-10,22.8,16.9,10.7,0.75,11.4
2017-06-11,27.6,19.2,8.3,0,14.0
2017-06-12,26.4,21.3,15.3,1.8,5.5
2017-06-13,25.2,18.9,11.7,0,11.5
2017-06-14,25.8,18.1,10.2,0,13.2
2017-06-15,29.7,21.4,10.1,0,10.7
2017-06-16,25.3,20.3,15.1,0,8.4
2017-06-17,21.5,16.6,11.1,0,10.0
2017-06-18,24.0,17.3,9.3,0,14.2
2017-06-19,28.8,20.0,9.1,0,12.5
2017-06-20,31.7,23.5,13.2,0.37,10.7
2017-06-21,31.2,24.1,17.1,0,11.4
2017-06-22,32.6,24.9,14.4,1.78,11.7
2017-06-23,31.4,26.4,16.7,0,8.8
2017-06-24,27.9,23.5,16.0,0,5.9
2017-06-25,24.1,18.5,13.6,6.82,2.4
2017-06-26,30.2,22.7,14.4,0,13.9
2017-06-27,27.2,20.5,16.1,13.04,7.3
2017-06-28,25.5,20.0,15.6,0.44,4.5
2017-06-29,23.5,16.9,13.6,44.62,5.4
2017-06-30,23.5,17.6,12.9,0.71,8.2
2017-07-01,22.2,17.4,12.7,0.9,8.1
2017-07-02,20.3,15.7,13.1,0.63,1.0
2017-07-03,23.4,17.4,13.2,1.94,6.7
2017-07-04,25.9,19.4,13.6,0,8.6
2017-07-05,29.5,21.3,11.3,0,13.7
2017-07-06,31.8,23.0,13.4,0,12.1
2017-07-07,30.6,21.5,15.5,0.37,5.7
2017-07-08,31.0,23.2,16.7,0.1,8.3
2017-07-09,28.4,20.6,17.0,9.61,4.2
2017-07-10,27.8,21.1,16.0,0.43,3.7
2017-07-11,24.7,19.7,15.9,3.77,9.5
2017-07-12,25.8,19.2,14.5,2.9,3.7
2017-07-13,22.7,16.5,10.3,0,12.5
2017-07-14,21.9,15.1,9.9,3.12,3.6
2017-07-15,20.4,14.6,10.3,7.65,7.6
2017-07-16,24.1,17.1,9.3,0,12.4
2017-07-17,27.0,19.3,10.3,0,11.2
2017-07-18,30.0,21.9,11.8,0,12.5
2017-07-19,32.7,24.4,14.9,0,9.1
2017-07-20,28.2,20.9,14.3,1.32,6.3
2017-07-21,28.3,21.1,13.5,0,11.3
2017-07-22,29.2,21.9,16.5,0,7.5
2017-07-23,22.1,18.5,15.1,0,1.7
2017-07-24,18.0,15.6,11.9,4.47,0.9
2017-07-25,18.6,13.4,11.5,19.58,1.8
2017-07-26,13.7,12.9,11.9,44.18,0.0
2017-07-27,20.1,15.9,12.3,9.44,2.0
2017-07-28,21.5,16.9,12.6,1.21,2.9
2017-07-29,27.5,19.9,11.8,0,9.0
2017-07-30,32.2,22.2,14.3,1.43,8.8
2017-07-31,31.1,22.9,15.1,0.32,10.4
2017-08-01,34.3,24.8,15.7,8.84,12.1
2017-08-02,30.5,23.3,16.9,4.26,9.4
2017-08-03,31.1,23.7,16.7,0,6.8
2017-08-04,28.0,23.2,19.4,1.07,3.4
2017-08-05,29.3,23.4,16.6,0.61,9.3
2017-08-06,20.7,16.9,11.7,0.95,1.3
2017-08-07,23.8,17.0,9.7,0,12.2
2017-08-08,28.5,18.9,10.5,9.77,8.4
2017-08-09,23.7,19.0,15.2,6.85,4.2
2017-08-10,17.2,14.7,11.1,8.36,0.1
2017-08-11,14.6,12.4,10.9,11.68,0.1
2017-08-12,18.6,14.5,11.4,2.58,0.6
2017-08-13,23.7,17.4,11.2,0.65,8.6
2017-08-14,26.7,18.8,10.9,0,12.8
2017-08-15,31.1,21.5,11.7,0,11.9
2017-08-16,25.4,20.0,15.4,16.69,7.9
2017-08-17,28.3,21.0,13.2,0.04,9.7
2017-08-18,30.9,22.0,15.1,19.78,10.9
2017-08-19,20.8,16.3,13.4,6.73,3.2
2017-08-20,20.5,15.7,11.9,0,10.1
2017-08-21,20.5,14.7,8.7,0,7.8
2017-08-22,22.6,14.5,6.8,0,10.5
2017-08-23,25.1,16.8,8.9,0,9.8
2017-08-24,28.2,20.3,11.5,0.03,11.0
2017-08-25,29.5,21.0,13.0,0,11.2
2017-08-26,30.9,23.9,15.2,0,10.9
2017-08-27,26.3,19.7,14.3,0,4.7
2017-08-28,26.4,18.7,14.0,0,5.6
2017-08-29,26.9,19.2,12.2,0,12.1
2017-08-30,30.5,20.6,10.9,0,10.5
2017-08-31,26.4,18.4,13.7,11.58,3.7
2017-09-01,14.8,13.3,11.9,21.24,0.0
2017-09-02,13.5,11.6,10.4,4.48,0.0
2017-09-03,15.9,11.7,8.5,2.26,3.3
2017-09-04,20.2,12.3,5.3,0,10.8
2017-09-05,22.9,16.1,9.3,0,2.0
2017-09-06,21.9,17.2,13.8,0.43,2.9
2017-09-07,18.0,13.8,9.4,0.04,4.8
2017-09-08,20.5,13.7,7.3,0,9.3
2017-09-09,19.0,12.7,8.1,1.49,1.4
2017-09-10,15.1,11.5,8.2,6.16,0.1
2017-09-11,19.2,12.9,6.1,0,3.3
2017-09-12,14.6,12.1,10.0,3.63,1.3
2017-09-13,19.3,14.8,8.5,0.56,0.7
2017-09-14,19.8,12.8,9.0,3.18,1.9
2017-09-15,17.1,11.2,6.3,0.02,5.7
2017-09-16,12.6,9.5,5.4,6.67,0.1
2017-09-17,16.9,9.1,5.3,0.85,3.6
2017-09-18,15.4,9.9,5.8,0.28,3.5
2017-09-19,12.6,9.7,7.0,0,0.0
2017-09-20,15.0,10.1,8.0,0.34,1.3
2017-09-21,17.9,10.7,4.9,0,8.4
2017-09-22,18.9,9.8,3.0,0,4.4
2017-09-23,20.0,12.4,6.6,0,5.5
2017-09-24,19.7,12.3,6.9,0,7.0
2017-09-25,18.8,11.3,4.1,0,9.5
2017-09-26,19.8,11.4,4.8,0,7.7
2017-09-27,20.9,13.2,6.0,0,5.9
2017-09-28,21.0,13.3,6.0,0,5.1
2017-09-29,20.7,14.5,7.7,0.35,4.7
2017-09-30,20.1,15.0,11.7,6.54,2.0
2017-10-01,14.1,11.5,8.4,7.91,0.4
2017-10-02,20.0,13.3,6.1,3.06,4.2
2017-10-03,16.0,12.0,5.8,7.25,3.8
2017-10-04,16.1,10.7,4.6,0,5.6
2017-10-05,21.5,14.3,8.9,4.66,8.4
2017-10-06,12.2,8.5,6.2,2.51,4.2
2017-10-07,13.1,9.7,7.1,1.16,1.8
2017-10-08,12.1,9.6,7.6,2.43,0.0
2017-10-09,12.2,10.0,8.5,0.85,0.0
2017-10-10,14.4,11.2,8.4,0.07,1.3
2017-10-11,19.4,12.1,6.3,0,7.8
2017-10-12,18.8,12.2,4.9,0,3.8
2017-10-13,19.0,12.0,5.8,0,7.4
2017-10-14,21.1,11.4,4.1,0,8.7
2017-10-15,21.8,11.6,4.0,0,8.5
2017-10-16,24.7,13.1,4.9,0,8.3
2017-10-17,22.7,11.9,3.9,0,7.0
2017-10-18,21.8,14.2,4.3,0,7.7
2017-10-19,20.6,10.8,3.3,0,7.0
2017-10-20,23.0,13.2,3.5,0,7.9
2017-10-21,20.0,13.7,9.4,2.08,1.9
2017-10-22,13.1,9.0,5.9,11.5,1.2
2017-10-23,9.9,7.6,6.3,0.04,0.1
2017-10-24,15.0,9.0,5.8,0,1.1
2017-10-25,18.9,11.6,5.4,0,4.2
2017-10-26,19.1,12.7,8.4,0,7.3
2017-10-27,12.8,10.1,7.4,2.87,2.1
2017-10-28,10.6,7.9,5.6,0.67,1.6
2017-10-29,10.0,7.5,3.6,6.14,0.0
2017-10-30,7.8,4.5,2.3,0.59,0.6
2017-10-31,9.8,3.4,-1.1,0,5.5
2017-11-01,10.3,5.2,0.7,0,0.1
2017-11-02,15.0,8.7,1.6,0,4.2
2017-11-03,12.7,8.0,0.4,0,1.3
2017-11-04,18.0,6.8,0.5,0.05,3.3
2017-11-05,11.5,5.9,1.8,14.47,0.4
2017-11-06,5.5,4.8,3.4,4.61,0.0
2017-11-07,7.3,5.9,4.8,0.82,0.0
2017-11-08,6.9,5.1,0.2,0.3,1.3
2017-11-09,7.5,6.0,4.7,0.3,0.0
2017-11-10,7.4,5.9,4.8,1.75,0.0
2017-11-11,8.4,5.7,3.4,8.8,0.0
2017-11-12,9.8,4.9,2.0,23.01,0.0
2017-11-13,5.0,2.2,-0.8,1.97,0.3
2017-11-14,1.3,-0.7,-2.8,0,0.0
2017-11-15,1.0,-0.6,-1.4,0,0.0
2017-11-16,0.5,-0.1,-1.1,0,0.0
2017-11-17,3.3,1.6,0.0,0,0.0
2017-11-18,4.6,2.9,0.8,0,0.0
2017-11-19,5.1,2.8,0.4,3.4,1.6
2017-11-20,4.6,3.0,1.7,1.33,0.1
2017-11-21,10.8,7.6,4.5,0.68,0.0
2017-11-22,16.0,7.2,-0.8,0,7.0
2017-11-23,15.6,6.3,-2.5,0,5.4
2017-11-24,15.9,8.7,3.5,0,6.2
2017-11-25,8.4,5.1,2.9,3.14,0.4
2017-11-26,3.7,1.2,-0.5,2.12,1.7
2017-11-27,5.1,2.6,0.3,0.05,3.5
2017-11-28,7.0,4.7,2.4,0.04,0.6
2017-11-29,4.4,2.9,1.3,0.18,0.0
2017-11-30,1.7,0.2,-2.4,0.56,0.0
2017-12-01,1.2,-1.0,-4.5,0.04,0.9
2017-12-02,-0.2,-1.3,-2.8,0,2.1
2017-12-03,-0.6,-1.5,-2.6,1.14,0.0
2017-12-04,2.0,0.3,-1.9,2.1,0.0
2017-12-05,5.1,2.9,1.5,0.31,0.1
2017-12-06,2.4,1.4,-0.1,0,0.0
2017-12-07,9.6,2.1,-2.9,0,6.4
2017-12-08,7.4,2.6,-1.4,7.11,0.0
2017-12-09,-0.3,-1.7,-3.4,0.02,1.2
2017-12-10,6.1,-1.6,-7.1,4.35,1.3
2017-12-11,6.7,3.5,1.0,1.54,0.0
2017-12-12,5.2,2.6,0.0,4.11,0.0
2017-12-13,5.5,0.9,-3.7,0.38,5.6
2017-12-14,7.6,3.8,0.8,5.75,2.4
2017-12-15,6.1,2.9,-0.8,1.65,3.9
2017-12-16,3.1,0.9,-0.3,1.54,0.1
2017-12-17,0.9,0.0,-1.0,0.56,0.0
2017-12-18,0.5,-0.4,-1.2,0.05,0.0
2017-12-19,2.3,0.0,-1.4,0.1,0.4
2017-12-20,2.4,1.2,-0.3,0.16,0.0
2017-12-21,5.1,2.5,0.7,5.29,0.0
2017-12-22,5.8,4.9,3.8,1.56,0.0
2017-12-23,8.6,5.9,4.6,0,1.4
2017-12-24,5.8,3.5,1.3,0,2.4
2017-12-25,1.9,-1.1,-4.0,0,0.9
2017-12-26,9.9,0.0,-5.8,0,4.9
2017-12-27,1.8,-0.7,-4.3,4.92,0.6
2017-12-28,1.2,0.3,-1.0,5.34,0.0
2017-12-29,2.1,-1.0,-3.2,2.13,4.8
2017-12-30,10.2,4.5,-0.3,4.5,0.0
2017-12-31,13.7,9.4,1.1,0.03,3.2
2018-01-01,8.1,5.3,-0.1,0.35,0.7
2018-01-02,7.3,4.1,1.0,1.1,0.4
2018-01-03,13.9,4.8,1.7,17.19,0.1
2018-01-04,11.5,6.4,4.1,24.2,0.0
2018-01-05,12.5,9.1,5.6,6.42,1.4
2018-01-06,11.3,6.4,2.0,0.13,4.6
2018-01-07,6.2,3.1,0.5,0.01,0.0
2018-01-08,6.0,4.9,3.8,0,0.0
2018-01-09,14.0,5.0,-0.3,0,2.2
2018-01-10,8.3,2.5,-0.8,0.03,4.0
2018-01-11,3.2,1.3,-0.3,0,0.0
2018-01-12,5.0,2.6,1.4,0.03,0.3
2018-01-13,2.8,1.7,-0.1,0,0.0
2018-01-14,1.1,-0.1,-0.6,0,0.0
2018-01-15,5.2,0.3,-2.8,0,2.6
2018-01-16,9.3,4.8,0.4,12.75,1.0
2018-01-17,3.6,1.3,-0.4,7.82,2.1
2018-01-18,9.1,4.4,0.1,6.16,1.5
2018-01-19,5.4,2.7,-0.4,3.9,2.5
2018-01-20,3.3,1.3,0.0,7,1.6
2018-01-21,1.7,-0.4,-4.8,3.07,0.3
2018-01-22,5.4,1.1,-4.5,16.3,0.0
2018-01-23,5.8,3.5,0.0,0,0.0
2018-01-24,12.9,4.7,-0.7,0.05,6.2
2018-01-25,13.8,5.1,-0.7,0,4.5
2018-01-26,8.1,2.2,-0.4,0,4.1
2018-01-27,5.1,3.3,1.1,0,0.0
2018-01-28,9.9,7.0,3.6,0.07,0.0
2018-01-29,12.6,7.6,3.1,0,6.4
2018-01-30,7.8,5.3,0.5,0,0.1
2018-01-31,12.4,7.5,3.2,0,5.0
2018-02-01,7.7,3.0,-0.2,5.74,0.0
2018-02-02,4.9,1.9,0.2,0,2.8
2018-02-03,2.3,0.9,-0.4,0.14,0.0
2018-02-04,2.8,-0.7,-3.5,0.89,1.0
2018-02-05,1.8,-1.1,-2.8,0,4.3
2018-02-06,2.4,-1.3,-3.0,0,5.7
2018-02-07,-1.8,-2.5,-3.5,2.82,0.0
2018-02-08,-0.2,-1.0,-2.5,1.08,0.0
2018-02-09,0.6,-0.8,-1.8,0,0.0
2018-02-10,2.0,-0.1,-4.1,0.03,0.0
2018-02-11,4.0,0.6,-4.9,2.06,1.6
2018-02-12,3.2,0.5,-2.5,0.16,3.3
2018-02-13,3.2,-1.6,-4.5,0,7.3
2018-02-14,2.0,-3.7,-8.9,0,7.7
2018-02-15,1.0,-2.6,-7.1,5.16,0.1
2018-02-16,4.7,2.3,0.4,7.27,0.0
2018-02-17,0.9,-0.4,-1.2,11.99,0.0
2018-02-18,1.2,-1.0,-3.7,1.04,0.2
2018-02-19,-1.9,-4.1,-8.6,0,0.0
2018-02-20,-1.3,-3.2,-5.0,0.49,0.0
2018-02-21,1.6,-2.0,-4.8,0,3.8
2018-02-22,-1.2,-3.0,-4.6,0.06,0.0
2018-02-23,-1.4,-2.9,-4.2,0.05,0.0
2018-02-24,1.1,-2.7,-7.1,0,8.4
2018-02-25,-3.9,-7.8,-10.9,0,9.0
2018-02-26,-8.0,-10.9,-13.7,0,5.5
2018-02-27,-7.2,-10.5,-13.5,0.02,4.9
2018-02-28,-6.2,-10.8,-15.1,0,9.3
2018-03-01,-3.6,-8.3,-12.1,0,2.8
2018-03-02,-2.4,-5.9,-9.6,0.1,1.8
2018-03-03,2.7,-1.3,-7.1,0.26,2.1
2018-03-04,8.7,2.6,-2.5,0.22,9.0
2018-03-05,8.0,3.0,-1.5,0,5.9
2018-03-06,4.6,1.2,-1.2,0.08,0.0
2018-03-07,10.7,5.8,2.9,0,3.9
2018-03-08,11.9,6.0,2.9,0.03,6.8
2018-03-09,12.7,7.6,1.7,0.04,0.8
2018-03-10,14.3,8.4,2.3,0.51,0.1
2018-03-11,17.8,9.5,2.5,0,2.4
2018-03-12,13.4,9.3,6.1,6.35,3.3
2018-03-13,11.4,8.0,5.8,0.02,6.3
2018-03-14,9.4,4.8,1.3,1.45,2.7
2018-03-15,10.9,4.9,-0.2,0,4.4
2018-03-16,11.8,6.8,0.9,3.83,3.1
2018-03-17,4.1,1.2,-1.0,0.82,0.0
2018-03-18,-0.8,-2.8,-4.4,1.1,0.0
2018-03-19,-3.1,-4.1,-5.1,1.31,0.0
2018-03-20,1.3,-2.6,-7.4,0.69,6.6
2018-03-21,2.9,-1.1,-4.6,0.36,3.5
2018-03-22,4.9,-0.8,-7.4,0.25,6.6
2018-03-23,6.1,2.1,-0.2,1.19,0.6
2018-03-24,9.2,3.1,-2.0,0,11.0
2018-03-25,13.0,4.2,-4.1,0,10.9
2018-03-26,8.5,4.8,0.3,0.22,0.2
2018-03-27,9.6,5.1,2.4,0.88,5.4
2018-03-28,12.1,8.1,3.3,6.58,1.4
2018-03-29,10.1,6.3,0.7,2.06,1.8
2018-03-30,14.4,7.0,-1.4,0.02,6.3
2018-03-31,9.2,6.2,3.6,2.1,0.0
2018-04-01,8.3,5.3,3.3,1.87,1.6
2018-04-02,15.5,8.3,0.1,0,9.8
2018-04-03,22.0,14.7,6.8,0.04,8.4
2018-04-04,23.8,13.9,6.7,0.06,9.5
2018-04-05,15.4,9.7,4.8,3.51,7.8
2018-04-06,13.8,7.3,-0.9,0,11.8
2018-04-07,20.0,10.8,-0.5,0,10.2
2018-04-08,21.3,12.4,2.3,0.08,11.1
2018-04-09,23.1,12.9,4.1,0.04,4.9
2018-04-10,18.6,12.3,4.7,0.37,2.9
2018-04-11,19.3,15.9,6.8,0.07,8.3
2018-04-12,23.5,16.4,9.4,0.06,5.6
2018-04-13,18.0,12.0,5.1,0.09,8.6
2018-04-14,20.2,12.1,2.7,0.05,10.6
2018-04-15,18.6,12.5,3.8,0.11,3.7
2018-04-16,14.9,12.2,8.7,8.6,0.0
2018-04-17,21.0,13.5,6.8,0,9.9
2018-04-18,22.0,13.6,3.9,0.03,12.4
2018-04-19,24.2,15.5,5.8,0,12.2
2018-04-20,27.2,17.0,5.7,0.03,12.3
2018-04-21,26.3,17.5,7.8,0,11.8
2018-04-22,26.8,17.8,8.5,0,10.1
2018-04-23,23.9,17.5,12.1,0.35,4.4
2018-04-24,21.6,15.9,9.1,0.17,10.8
2018-04-25,23.7,16.7,8.0,0.32,8.9
2018-04-26,14.3,10.9,6.3,0.35,0.9
2018-04-27,21.5,12.8,2.7,0,10.8
2018-04-28,24.1,16.1,7.3,0,12.6
2018-04-29,26.7,18.0,7.9,0.04,10.9
2018-04-30,19.9,14.0,9.2,1.07,4.6
2018-05-01,16.0,12.1,9.0,0.03,3.5
2018-05-02,19.2,13.7,8.7,0.02,2.5
2018-05-03,19.7,14.7,10.8,0,2.5
2018-05-04,20.8,15.5,11.0,0.04,3.2
2018-05-05,22.3,16.4,11.3,0,8.9
2018-05-06,23.0,16.8,11.0,0,13.4
2018-05-07,23.5,16.1,6.4,0,13.1
2018-05-08,23.5,17.1,7.7,0,10.5
2018-05-09,22.6,15.6,6.6,0,11.6
2018-05-10,22.4,15.4,8.3,0.15,9.7
2018-05-11,21.7,14.5,9.3,0,9.1
2018-05-12,26.1,18.2,8.7,0,10.9
2018-05-13,26.5,17.5,9.8,18.28,10.5
2018-05-14,22.4,16.7,13.2,0.05,4.7
2018-05-15,17.8,12.8,9.5,13.15,6.7
2018-05-16,13.6,10.4,9.3,10.01,0.1
2018-05-17,17.2,12.2,9.8,13.56,0.5
2018-05-18,20.5,14.7,10.2,0,9.9
2018-05-19,21.1,13.5,7.0,14.67,7.7
2018-05-20,21.6,15.5,11.4,1.17,4.4
2018-05-21,24.5,16.7,9.5,0,12.5
2018-05-22,24.5,16.6,8.2,0,8.5
2018-05-23,24.4,18.0,12.6,0.11,6.7
2018-05-24,22.1,16.5,12.9,39.59,3.1
2018-05-25,24.5,17.1,9.8,0.31,11.4
2018-05-26,25.8,17.7,11.3,0.11,8.5
2018-05-27,27.0,19.6,11.5,0,11.5
2018-05-28,28.8,21.1,11.8,0,12.1
2018-05-29,26.6,23.3,12.7,4.02,9.0
2018-05-30,26.8,21.2,18.1,4.91,10.5
2018-05-31,29.3,20.6,14.9,37.46,10.8
2018-06-01,23.9,18.9,15.1,0.16,6.8
2018-06-02,24.5,18.9,13.4,0,10.1
2018-06-03,26.7,19.8,12.2,0,13.8
2018-06-04,27.7,21.0,12.6,0,13.3
2018-06-05,27.7,21.5,13.3,0.02,11.8
2018-06-06,28.0,19.8,14.4,3.9,8.6
2018-06-07,26.0,18.6,13.3,2.42,7.0
2018-06-08,27.7,20.6,15.1,0.16,8.8
2018-06-09,26.8,20.6,15.5,0.32,8.8
2018-06-10,26.4,20.8,15.9,1.84,11.2
2018-06-11,28.8,21.1,14.5,0.21,9.3
2018-06-12,24.0,18.0,15.0,36.5,2.5
2018-06-13,15.3,13.4,12.0,19.34,0.0
2018-06-14,18.8,14.1,8.8,0,6.6
2018-06-15,22.0,16.1,9.9,0,10.7
2018-06-16,24.9,17.4,8.6,0,13.9
2018-06-17,23.4,17.8,10.7,2.79,6.7
2018-06-18,23.0,17.8,12.6,0.06,6.3
2018-06-19,24.7,18.3,11.2,0,7.1
2018-06-20,27.5,20.6,12.0,0,13.9
2018-06-21,28.6,21.6,15.0,0.04,8.8
2018-06-22,16.9,12.9,8.2,0,11.1
2018-06-23,18.0,13.2,5.8,0.21,5.9
2018-06-24,19.5,15.2,11.2,0.1,3.5
2018-06-25,20.5,14.8,10.7,2.6,4.1
2018-06-26,22.2,16.2,8.5,0.09,7.7
2018-06-27,22.6,15.9,9.8,0.05,8.3
2018-06-28,15.6,13.7,9.9,15.96,0.0
2018-06-29,23.9,18.3,14.4,1.64,4.2
2018-06-30,25.9,20.0,14.0,0.47,11.9
2018-08-01,33.7,25.9,17.6,0,10.1
2018-08-02,30.7,23.7,18.7,0,10.4
2018-08-03,32.3,24.4,17.1,0,10.6
2018-08-04,33.1,24.5,16.6,0.04,10.3
2018-08-05,31.0,24.2,17.4,0,10.1
2018-08-06,31.3,23.2,15.5,0,11.8
2018-08-07,31.9,23.8,17.5,0.2,6.2
2018-08-08,29.9,23.2,15.8,0,8.3
2018-08-09,33.6,23.4,15.4,10.71,10.7
2018-08-10,19.0,15.6,12.0,14.71,0.0
2018-08-11,24.4,16.9,9.9,0,12.0
2018-08-12,28.3,19.2,9.4,0,13.0
2018-08-13,29.8,20.5,14.3,9.31,7.6
2018-08-14,24.5,21.3,15.6,0,5.2
2018-08-15,25.9,19.8,14.2,0,7.8
2018-08-16,27.2,19.8,12.6,0,12.0
2018-08-17,28.8,20.3,11.5,0,11.4
2018-08-18,27.7,21.2,16.7,0,9.4
2018-08-19,30.0,22.0,14.3,0,12.3
2018-08-20,29.5,22.4,15.8,0,11.7
2018-08-21,29.8,21.9,14.0,0,11.9
2018-08-22,31.0,22.5,13.6,0,12.3
2018-08-23,30.2,22.3,15.4,0.13,7.5
2018-08-24,22.5,17.6,14.2,2.27,0.8
2018-08-25,17.2,13.6,9.9,5.62,0.0
2018-08-26,18.4,12.4,7.6,0.1,8.5
2018-08-27,25.3,16.6,4.9,0,8.9
2018-08-28,25.6,19.2,12.7,0,8.7
2018-08-29,28.9,19.2,10.0,4.81,10.2
2018-08-30,19.8,16.8,13.9,4.16,0.1
2018-08-31,14.8,13.9,12.8,15.94,0.0
2018-09-01,13.1,11.9,11.1,9.75,0.0
2018-09-02,16.9,13.8,11.4,1.4,0.2
2018-09-03,19.9,16.3,13.0,0.14,2.3
2018-09-04,20.2,16.0,14.4,22.58,1.0
2018-09-05,24.0,17.6,11.4,0,10.1
2018-09-06,25.3,17.9,10.7,0.87,11.2
2018-09-07,22.2,17.1,14.8,8.3,2.4
2018-09-08,22.1,15.9,10.8,0.14,7.0
2018-09-09,24.6,16.2,8.8,0,10.4
2018-09-10,25.4,17.3,9.2,0,9.1
2018-09-11,27.2,18.8,11.8,0.5,10.9
2018-09-12,29.0,19.6,10.5,0,11.3
2018-09-13,24.5,18.4,13.1,0,1.6
2018-09-14,21.7,16.4,12.6,14.93,3.8
2018-09-15,21.0,15.6,10.1,0,3.9
2018-09-16,23.4,15.5,7.3,3.68,9.9
2018-09-17,25.9,18.3,12.1,0.09,10.1
2018-09-18,27.4,19.3,11.5,0,9.6
2018-09-19,25.7,17.9,12.9,8.11,6.0
2018-09-20,26.9,18.3,11.2,0,10.3
2018-09-21,27.9,18.4,10.8,1.98,7.3
2018-09-22,17.3,13.3,10.4,0.89,7.8
2018-09-23,25.7,16.6,10.3,25.37,4.4
2018-09-24,13.4,8.9,4.2,0.13,6.4
2018-09-25,13.0,6.8,2.2,0,9.0
2018-09-26,17.0,8.1,0.1,0,9.3
2018-09-27,22.2,11.9,3.1,0,9.2
2018-09-28,20.9,13.2,5.2,0,9.6
2018-09-29,15.7,10.4,5.7,0,6.9
2018-09-30,19.8,10.0,0.5,0,10.4
2018-10-01,13.0,10.1,7.2,19.62,0.6
2018-10-02,11.4,8.5,4.8,0.13,3.3
2018-10-03,13.0,10.5,5.7,0,0.0
2018-10-04,17.4,9.2,3.4,0,6.8
2018-10-05,20.5,10.2,1.6,0,8.3
2018-10-06,23.4,13.6,5.5,0.82,5.0
2018-10-07,19.2,14.3,10.5,1.99,0.2
2018-10-08,18.0,12.8,7.9,0.25,2.9
2018-10-09,17.2,11.3,6.3,0,0.9
2018-10-10,20.4,13.3,7.0,0,5.1
2018-10-11,24.1,14.4,6.6,0,7.3
2018-10-12,24.5,15.8,9.1,0,8.0
2018-10-13,22.3,13.1,6.0,0,7.1
2018-10-14,23.8,13.2,4.6,1.49,7.5
2018-10-15,23.0,12.2,4.1,0,8.0
2018-10-16,21.9,11.8,4.5,0,7.4
2018-10-17,21.2,11.3,5.1,0,7.9
2018-10-18,19.2,10.2,3.6,0,7.2
2018-10-19,17.6,9.1,3.8,0,4.5
2018-10-20,15.2,8.4,3.5,0,1.4
2018-10-21,14.4,8.3,2.2,0,5.7
2018-10-22,13.9,6.4,-1.0,0,7.1
2018-10-23,13.2,10.2,6.2,0.15,0.2
2018-10-24,12.6,10.8,9.2,4.66,0.0
2018-10-25,14.0,11.2,7.5,0,2.2
2018-10-26,17.0,10.3,5.4,0,6.4
2018-10-27,7.7,5.5,3.7,19.3,0.0
2018-10-28,4.1,3.1,1.8,10.83,0.0
2018-10-29,11.3,6.5,3.1,1.26,0.0
2018-10-30,14.1,7.6,0.3,0,0.8
2018-10-31,11.6,4.7,-1.6,0,3.2
2018-11-01,13.7,7.2,3.8,0,0.7
2018-11-02,10.3,6.6,2.4,0.48,0.4
2018-11-03,11.0,9.0,7.2,0,0.0
2018-11-04,10.0,9.3,8.8,0,0.0
2018-11-05,18.6,10.1,4.4,0,4.4
2018-11-06,19.8,9.6,1.5,0,4.5
2018-11-07,16.5,9.3,3.6,5.34,6.1
2018-11-08,14.5,8.9,5.3,0,1.5
2018-11-09,9.2,7.9,6.7,0,0.0
2018-11-10,11.8,7.4,5.6,0,3.6
2018-11-11,14.3,7.8,3.0,0.37,2.5
2018-11-12,14.9,6.1,0.4,0,6.7
2018-11-13,12.0,6.0,0.7,0,1.9
2018-11-14,5.3,3.0,-1.2,0,0.0
2018-11-15,4.8,3.0,-1.4,0,0.0
2018-11-16,6.7,1.6,-2.9,0,2.1
2018-11-17,7.6,2.5,-1.0,0,6.7
2018-11-18,6.0,1.4,-2.0,0.42,6.7
2018-11-19,0.5,-0.3,-0.9,0.23,0.0
2018-11-20,6.6,1.5,-2.0,0,5.6
2018-11-21,1.4,0.1,-1.3,0,0.0
2018-11-22,4.3,1.5,-0.2,0,0.5
2018-11-23,2.5,1.2,-0.2,0,0.0
2018-11-24,7.2,3.2,-1.0,1.73,0.0
2018-11-25,4.2,1.7,-0.9,0.44,0.0
2018-11-26,2.9,1.6,-0.1,16.04,0.0
2018-11-27,1.1,0.4,-0.7,7.71,0.0
2018-11-28,0.6,-0.8,-3.6,0,0.0
2018-11-29,0.6,-1.6,-3.7,0,4.0
2018-11-30,2.0,-0.5,-2.1,3.99,0.0
2018-12-01,8.8,4.3,-0.5,0.74,1.4
2018-12-02,11.6,6.1,-0.3,9.76,0.0
2018-12-03,14.6,11.8,9.5,3.85,1.0
2018-12-04,10.7,7.4,3.6,2.13,0.4
2018-12-05,5.5,2.9,0.5,0,0.0
2018-12-06,11.1,6.7,1.4,1.29,0.2
2018-12-07,14.1,9.5,8.8,0.37,0.7
2018-12-08,8.8,6.7,3.7,0.13,2.7
2018-12-09,9.2,6.0,4.2,13.1,0.0
2018-12-10,4.9,2.4,0.2,16.23,0.1
2018-12-11,2.4,1.0,0.0,0.25,0.1
2018-12-12,1.1,0.1,-0.8,1.77,0.0
2018-12-13,-0.3,-2.1,-3.4,0,0.0
2018-12-14,-2.2,-2.5,-2.8,0.39,0.0
2018-12-15,-1.9,-2.7,-5.9,0.17,0.0
2018-12-16,-0.3,-3.6,-7.2,1.51,0.0
2018-12-17,3.1,-0.4,-5.2,0.25,0.0
2018-12-18,5.9,-0.9,-1.6,0,5.2
2018-12-19,2.2,-0.1,-2.4,0.2,0.0
2018-12-20,8.4,4.8,0.4,1.14,3.8
2018-12-21,10.9,7.1,3.1,3.8,0.0
2018-12-22,11.7,9.4,6.8,8.9,0.0
2018-12-23,10.9,7.7,6.2,11.95,0.0
2018-12-24,11.4,4.8,1.7,13.09,0.0
2018-12-25,2.3,0.2,-2.6,0,0.0
2018-12-26,-0.4,-2.8,-4.2,0,0.6
2018-12-27,0.4,-3.1,-5.6,0.04,0.3
2018-12-28,5.2,-0.3,-3.8,0,4.1
2018-12-29,1.7,-0.6,-2.6,0.36,0.0
2018-12-30,3.8,2.6,0.1,3.46,0.0
2018-12-31,4.5,3.2,2.2,8.04,0.0
2019-01-01,5.1,4.0,1.8,1.25,0.0
2019-01-02,3.1,0.1,-2.4,1.13,0.4
2019-01-03,-0.5,-2.0,-3.2,0.03,1.6
2019-01-04,-0.5,-1.3,-1.8,2.98,0.0
2019-01-05,0.6,0.0,-0.8,16.66,0.0
2019-01-06,1.6,1.1,0.4,6.34,0.0
2019-01-07,2.0,1.2,0.6,0.59,0.0
2019-01-08,3.9,1.9,0.5,4.48,0.5
2019-01-09,1.3,-0.4,-1.6,"9,83",0.0
2019-01-10,-0.3,-1.5,-3.8,3.49,0.0
2019-01-11,-1.1,-2.9,-4.6,"3,76",0.0
2019-01-12,2.7,1.0,-1.5,6.12,0.0
2019-01-13,5.1,2.6,0.6,12.38,0.0
2019-01-14,4.7,1.9,-0.2,17.07,0.0
2019-01-15,3.1,1.5,-0.5,0.12,0.0
2019-01-16,7.1,1.4,-2.4,0.01,5.3
2019-01-17,7.9,4.1,-2.1,0.07,0.7
2019-01-18,2.6,-0.8,-4.1,0.31,1.3
2019-01-19,-0.7,-4.0,-8.6,0,4.1
2019-01-20,-2.3,-6.2,-10.9,0,2.4
2019-01-21,-2.2,-3.6,-4.5,0,0.0
2019-01-22,-2.6,-4.1,-5.2,0,0.0
2019-01-23,-4.0,-4.8,-5.9,0.04,0.0
2019-01-24,-0.6,-3.1,-4.6,0.13,1.7
2019-01-25,-2.7,-3.7,-4.8,0.2,0.1
2019-01-26,5.3,1.5,-3.3,3.06,0.5
2019-01-27,7.2,3.5,-0.1,1.76,0.4
2019-01-28,3.7,1.7,0.3,0.06,0.0
2019-01-29,3.5,0.1,-3.2,0,3.5
2019-01-30,4.2,0.8,-6.8,0,0.3
2019-01-31,4.6,-1.4,-8.1,0,6.6
2019-02-01,2.1,-0.1,-1.6,0,0.4
2019-02-02,5.6,2.0,-0.3,9.8,0.0
2019-02-03,1.4,-0.3,-1.6,26.4,0.0
2019-02-04,1.8,-2.0,-9.0,0.08,6.2
2019-02-05,-1.7,-4.1,-5.1,0,0.3
2019-02-06,-3.4,-5.0,-6.4,0,0.0
2019-02-07,3.4,-2.5,-7.0,4.65,0.0
2019-02-08,9.4,0.5,-2.7,0,6.5
2019-02-09,9.9,5.1,-2.8,0.09,5.0
2019-02-10,10.5,5.7,1.5,2.06,2.5
2019-02-11,4.6,2.0,0.1,6.15,0.0
2019-02-12,3.0,1.0,-0.4,0.04,0.1
2019-02-13,7.8,1.4,-2.7,0,6.8
2019-02-14,10.8,1.6,-3.6,0,7.0
2019-02-15,12.0,1.9,-4.9,0,7.1
2019-02-16,14.5,2.7,-4.6,0,7.9
2019-02-17,15.4,3.3,-4.9,0,8.4
2019-02-18,13.4,2.4,-5.5,0,8.4
2019-02-19,13.2,5.2,-3.2,0.23,6.1
2019-02-20,10.2,5.6,2.1,0.25,1.3
2019-02-21,13.2,7.0,0.4,0,4.1
2019-02-22,10.1,7.0,2.5,2.07,0.3
2019-02-23,5.1,0.7,-3.0,0,8.8
2019-02-24,6.8,0.2,-4.9,0,5.1
2019-02-25,13.5,3.4,-4.7,0,8.0
2019-02-26,16.3,5.9,-2.4,0,7.3
2019-02-27,17.0,7.7,-1.0,0,7.7
2019-02-28,18.1,9.7,-1.5,0,8.3
2019-03-01,9.4,7.0,5.8,9.7,0.0
2019-03-02,8.3,6.4,5.0,0.02,0.0
2019-03-03,13.9,9.8,6.5,0.02,4.5
2019-03-04,16.5,8.1,2.5,2.01,3.8
2019-03-05,9.6,5.6,3.5,8.77,2.3
2019-03-06,12.6,6.2,0.2,0.03,6.0
2019-03-07,12.9,7.8,4.2,1.67,3.0
2019-03-08,10.7,7.5,4.5,0,4.2
2019-03-09,11.0,8.8,5.4,0.77,0.5
2019-03-10,14.5,5.3,4.6,11.46,1.9
2019-03-11,5.3,2.4,-0.7,3.53,0.6
2019-03-12,10.3,4.5,1.2,0,6.8
2019-03-13,9.9,5.8,3.4,0.72,5.5
2019-03-14,6.2,4.1,2.9,5.82,0.0
2019-03-15,10.3,6.8,3.7,10.2,0.0
2019-03-16,15.5,11.2,9.0,0.2,3.9
2019-03-17,19.2,9.4,1.4,4.05,7.8
2019-03-18,7.3,3.8,1.4,0.05,2.9
2019-03-19,8.1,2.6,-1.6,0,5.5
2019-03-20,9.5,2.5,-4.0,0,8.3
2019-03-21,12.8,4.0,-4.3,0,9.6
2019-03-22,16.3,6.0,-2.3,0.02,8.2
2019-03-23,18.2,8.0,-2.2,0,9.8
2019-03-24,17.8,9.0,-0.9,0.02,10.4
2019-03-25,9.3,5.3,1.2,2.74,4.6
2019-03-26,7.8,3.7,-0.7,0,1.9
2019-03-27,7.3,4.2,1.2,1.6,0.1
2019-03-28,12.8,7.8,2.8,0,4.8
2019-03-29,14.8,8.4,1.4,0,9.5
2019-03-30,18.0,8.2,-1.2,0.03,11.0
2019-03-31,18.2,9.7,-0.3,0.05,10.2
2019-04-01,15.8,10.2,5.0,0,10.5
2019-04-02,20.7,11.5,-0.2,0,8.0
2019-04-03,20.4,12.6,5.0,0,6.0
2019-04-04,13.3,6.4,1.5,0,4.9
2019-04-05,9.1,5.3,2.9,0,1.1
2019-04-06,16.2,10.2,5.4,0,7.2
2019-04-07,16.2,9.8,2.0,0.02,6.5
2019-04-08,12.2,9.7,8.2,0.44,0.2
2019-04-09,16.8,11.7,8.4,0.14,3.5
2019-04-10,12.0,9.6,6.9,1.47,0.4
2019-04-11,10.4,7.0,4.5,0,1.0
2019-04-12,8.3,5.2,1.3,0,0.1
2019-04-13,10.4,5.9,2.2,0.01,3.3
2019-04-14,9.9,6.0,2.8,0.04,1.8
2019-04-15,14.3,8.5,4.5,0.07,7.9
2019-04-16,18.5,10.0,-0.5,0,11.7
2019-04-17,18.3,11.2,3.3,0.3,10.7
2019-04-18,19.7,13.0,5.8,0.07,10.4
2019-04-19,21.7,14.3,5.0,0.05,11.2
2019-04-20,22.0,12.9,3.6,0.03,10.3
2019-04-21,22.5,12.7,-0.1,0.03,9.0
2019-04-22,22.6,14.5,1.7,0.03,6.6
2019-04-23,22.3,14.6,8.3,0.01,3.5
2019-04-24,27.4,16.9,4.7,0,8.7
2019-04-25,25.5,16.5,5.9,0.06,8.4
2019-04-26,15.7,9.1,6.3,1.6,2.7
2019-04-27,14.9,8.9,5.4,9.95,2.0
2019-04-28,11.7,7.1,3.2,0.97,5.9
2019-04-29,10.0,6.6,4.2,4.19,0.0
2019-04-30,13.7,9.1,5.8,3.81,3.0
2019-05-01,18.1,12.3,3.3,0.2,9.7
2019-05-02,20.6,10.4,1.9,4.9,10.8
2019-05-03,11.0,9.0,6.0,4.6,0.1
2019-05-04,13.8,6.1,2.1,1.5,2.9
2019-05-05,8.0,4.3,1.8,0.2,1.2
2019-05-06,9.3,5.6,0.7,0,2.6
2019-05-07,14.2,7.3,-1.2,0,9.6
2019-05-08,16.5,10.5,1.5,1.2,1.7
2019-05-09,17.9,12.2,5.9,0.8,7.9
2019-05-10,16.4,11.2,7.9,1.6,4.0
2019-05-11,15.8,11.2,8.2,7.8,0.5
2019-05-12,8.2,6.6,4.8,14,0.0
2019-05-13,14.6,9.6,5.3,0,6.6
2019-05-14,12.7,6.9,0.7,0.1,8.4
2019-05-15,9.7,6.7,4.2,0,0.2
2019-05-16,11.6,7.9,4.0,0,0.4
2019-05-17,20.6,12.5,2.8,0,10.4
2019-05-18,21.7,13.9,4.3,0,10.1
2019-05-19,23.2,15.0,5.7,4.8,11.1
2019-05-20,15.5,12.5,11.2,30.8,0.0
2019-05-21,12.1,11.1,10.4,41.4,0.0
2019-05-22,13.9,11.3,7.2,6.2,0.6
2019-05-23,18.8,12.1,5.9,0,12.8
2019-05-24,21.9,13.8,3.9,0.1,12.3
2019-05-25,21.5,15.7,8.6,0.1,7.8
2019-05-26,21.6,15.7,9.7,0.5,6.8
2019-05-27,20.3,14.9,8.5,5.1,3.7
2019-05-28,14.3,12.3,9.3,21,0.0
2019-05-29,15.0,11.1,9.0,1.1,1.3
2019-05-30,19.3,12.8,6.7,0,8.8
2019-05-31,19.9,14.5,8.7,0.1,1.5
2019-06-01,25.1,17.2,7.8,0,12.5
2019-06-02,27.3,19.3,9.9,0,12.9
2019-06-03,29.3,20.3,9.3,0,12.4
2019-06-04,28.4,20.5,11.9,0,12.1
2019-06-05,29.1,21.1,10.4,0,11.7
2019-06-06,21.8,17.1,12.0,0,3.5
2019-06-07,27.2,18.5,8.4,0,12.4
2019-06-08,21.9,16.1,9.8,0,6.8
2019-06-09,26.2,17.8,7.6,0,8.9
2019-06-10,26.8,17.6,12.5,20.96,6.0
2019-06-11,23.2,17.4,13.0,1.65,3.1
2019-06-12,19.8,15.3,11.9,0.4,2.0
2019-06-13,24.7,17.7,10.4,0,13.4
2019-06-14,30.0,21.5,10.5,0,9.7
2019-06-15,25.8,21.6,14.6,2.44,8.2
2019-06-16,21.1,16.3,12.1,6.18,1.8
2019-06-17,25.4,18.8,10.1,0,12.0
2019-06-18,28.0,20.6,11.9,0.16,13.0
2019-06-19,29.7,22.1,15.1,0,10.8
2019-06-20,23.9,18.3,13.8,9.78,2.6
2019-06-21,25.4,18.3,11.8,2.71,6.1
2019-06-22,24.9,18.2,13.7,34.6,4.4
2019-06-23,23.9,18.5,13.9,1.49,4.3
2019-06-24,27.8,21.8,15.4,0,12.4
2019-06-25,32.0,23.4,14.3,0,11.9
2019-06-26,33.8,26.9,15.8,0,11.8
2019-06-27,31.9,25.2,16.6,0,12.5
2019-06-28,28.6,20.6,11.3,0,12.4
2019-06-29,29.5,20.9,11.6,0,14.1
2019-06-30,33.7,24.0,10.9,0,13.6
2019-07-01,31.7,22.0,16.6,5.51,5.7
2019-07-02,26.1,22.0,13.5,3.91,9.5
2019-07-03,25.0,20.6,11.8,0.04,11.6
2019-07-04,26.6,18.5,9.7,0,12.2
2019-07-05,27.9,20.1,10.0,0.03,11.6
2019-07-06,30.6,21.9,12.9,5.25,8.3
2019-07-07,23.1,18.0,14.3,24.35,4.3
2019-07-08,19.1,16.8,12.3,1.33,1.2
2019-07-09,20.5,15.2,10.0,0.07,7.1
2019-07-10,21.4,15.2,8.6,0.02,12.4
2019-07-11,22.2,14.8,8.7,5.53,1.3
2019-07-12,20.9,16.5,12.9,2.09,2.8
2019-07-13,19.4,14.7,12.4,10.66,1.4
2019-07-14,20.8,17.0,12.2,2.19,3.8
2019-07-15,23.6,16.8,11.1,0,7.2
2019-07-16,24.1,13.8,11.6,0.01,10.5
2019-07-17,26.4,18.9,10.3,0,10.4
2019-07-18,27.0,19.7,11.7,0.01,9.0
2019-07-19,27.7,20.3,13.1,0.84,7.2
2019-07-20,31.3,23.3,12.9,0.04,10.1
2019-07-21,25.8,20.2,16.0,6.53,4.8
2019-07-22,29.6,22.0,14.1,0,10.9
2019-07-23,30.7,23.0,13.8,0.04,13.7
2019-07-24,33.5,24.5,15.0,0,13.4
2019-07-25,34.2,28.4,19.1,0.01,5.1
2019-07-26,34.1,26.3,16.1,0,10.4
2019-07-27,27.5,22.4,17.1,0.29,4.8
2019-07-28,22.5,19.2,16.9,16.81,0.0
2019-07-29,19.4,17.0,15.3,5.69,0.0
2019-07-30,27.2,22.7,14.8,0.04,6.4
2019-07-31,19.7,16.9,13.8,7.18,0.6
2019-08-01,25.5,18.7,12.0,0.04,8.2
2019-08-02,25.2,19.5,14.0,0.02,5.3
2019-08-03,22.1,17.3,12.6,2.35,3.9
2019-08-04,26.2,18.9,12.3,0.01,11.1
2019-08-05,28.5,20.5,12.5,0.01,7.0
2019-08-06,28.0,22.1,16.3,0,7.5
2019-08-07,25.7,18.8,15.4,7.25,2.0
2019-08-08,26.2,19.5,14.0,0.06,9.0
2019-08-09,32.1,22.8,11.8,0.01,12.0
2019-08-10,23.9,19.6,16.0,5.43,2.1
2019-08-11,27.5,21.3,13.7,0.16,9.8
2019-08-12,18.7,15.6,13.6,23.25,0.5
2019-08-13,20.1,16.0,13.3,4.41,2.7
2019-08-14,21.4,15.8,9.9,0.16,10.4
2019-08-15,21.2,15.0,7.7,2.4,5.5
2019-08-16,23.0,17.2,11.1,0.11,8.9
2019-08-17,25.7,18.4,9.5,0.05,4.2
2019-08-18,32.9,23.8,14.0,0.02,9.6
2019-08-19,24.2,19.4,16.0,26.35,2.1
2019-08-20,19.5,13.8,12.8,16.21,0.3
2019-08-21,19.7,15.5,12.4,3.91,3.5
2019-08-22,21.6,16.2,11.8,0,6.2
2019-08-23,22.4,18.2,10.4,0,3.6
2019-08-24,27.8,20.6,13.5,0,11.9
2019-08-25,27.7,20.3,14.7,0,8.6
2019-08-26,27.8,20.6,13.8,0.3,9.5
2019-08-27,28.7,21.5,15.3,0,11.1
2019-08-28,29.8,25.0,14.4,0.01,9.0
2019-08-29,26.6,20.2,16.0,2.34,3.4
2019-08-30,27.7,20.5,13.8,0.01,12.0
2019-08-31,29.6,21.1,13.7,0,11.6
2019-09-01,27.1,20.4,13.7,0.73,8.1
2019-09-02,17.3,15.3,10.0,2.68,0.0
2019-09-03,22.0,14.4,7.1,0,10.4
2019-09-04,25.5,16.0,6.5,0,11.6
2019-09-05,17.4,13.5,10.6,6.21,1.2
2019-09-06,15.9,13.8,10.1,1.32,0.0
2019-09-07,15.6,12.2,8.3,8.89,0.0
2019-09-08,11.6,9.2,6.5,22.64,0.0
2019-09-09,12.9,9.8,5.9,2.22,0.0
2019-09-10,19.1,11.4,4.2,0,5.4
2019-09-11,21.2,13.7,7.8,0,7.2
2019-09-12,23.3,16.8,11.1,0.01,7.3
2019-09-13,24.4,17.1,9.8,0,10.9
2019-09-14,23.7,17.1,11.9,0.01,7.2
2019-09-15,25.7,16.7,9.1,0,8.9
2019-09-16,25.7,19.3,11.6,0,7.5
2019-09-17,19.9,15.6,9.1,0.06,5.4
2019-09-18,17.0,10.3,4.2,0,10.7
2019-09-19,16.1,10.8,2.7,0,9.4
2019-09-20,16.4,8.9,1.5,0,9.7
2019-09-21,20.6,14.7,3.1,0,7.3
2019-09-22,18.7,12.2,4.9,0,1.8
2019-09-23,15.0,12.2,8.6,5.88,0.0
2019-09-24,19.0,14.2,9.1,0.32,5.6
2019-09-25,19.2,14.3,11.7,2.75,3.0
2019-09-26,17.5,14.4,11.2,0.87,2.1
2019-09-27,22.9,16.9,13.1,7.22,5.5
2019-09-28,19.0,14.0,9.0,7.93,5.8
2019-09-29,23.7,16.6,7.5,0.13,8.3
2019-09-30,18.8,15.6,8.1,0.11,5.7
2019-10-01,23.9,15.2,6.8,2.13,8.5
2019-10-02,16.6,11.9,4.9,9.75,0.7
2019-10-03,12.2,7.0,2.8,0.03,4.8
2019-10-04,13.4,8.2,2.0,0.19,0.6
2019-10-05,11.8,9.8,5.5,4.53,0.7
2019-10-06,11.6,7.5,2.8,7.51,1.2
2019-10-07,10.1,7.5,6.1,12.5,0.0
2019-10-08,16.5,12.1,5.8,0.05,0.1
2019-10-09,16.8,9.7,7.9,13.81,0.0
2019-10-10,14.4,10.6,8.4,1.89,2.8
2019-10-11,19.2,10.7,5.3,0.01,8.2
2019-10-12,24.0,13.0,4.3,0,8.2
2019-10-13,23.6,17.2,6.5,0,7.6
2019-10-14,23.8,16.1,6.7,0,7.7
2019-10-15,21.7,13.3,5.3,2.01,7.5
2019-10-16,17.2,11.0,4.6,1.58,7.9
2019-10-17,21.0,11.2,3.4,0.01,7.6
2019-10-18,20.9,13.4,8.6,0.6,4.6
2019-10-19,16.0,11.2,7.4,0.01,1.6
2019-10-20,19.6,11.9,6.3,0.12,3.9
2019-10-21,17.0,12.2,8.3,0,1.8
2019-10-22,12.9,11.1,8.3,0.06,0.0
2019-10-23,14.4,10.0,7.5,0,1.3
2019-10-24,12.3,11.3,7.0,0.31,0.3
2019-10-25,19.1,11.9,6.5,0,3.5
2019-10-26,21.2,10.8,4.6,0.03,7.0
2019-10-27,21.8,12.6,4.4,0.23,6.8
2019-10-28,11.5,1.5,7.0,0.3,0.3
2019-10-29,7.4,6.8,6.1,2.11,0.0
2019-10-30,6.3,5.4,4.0,0,0.1
2019-10-31,6.3,3.9,2.0,0,0.0
2019-11-02,17.8,10.9,7.0,4.53,1.8
2019-11-03,11.8,9.1,5.9,2.58,0.1
2019-11-04,14.6,10.3,6.7,1.72,4.0
2019-11-05,11.0,6.8,1.1,4.27,0.0
2019-11-06,10.6,5.6,0.3,0,0.7
2019-11-07,11.5,5.8,-0.2,0,5.5
2019-11-08,6.1,4.7,2.0,2.56,0.0
2019-11-09,7.3,3.5,-1.4,0,0.1
2019-11-10,1.7,-0.4,-3.3,0,0.0
2019-11-11,2.4,0.6,-0.8,0.27,0.0
2019-11-12,5.6,4.1,1.4,3.66,0.0
2019-11-13,5.5,2.4,-0.8,3.41,0.1
2019-11-14,4.7,0.8,-2.0,0.03,5.3
2019-11-15,8.7,4.4,-0.5,0,0.9
2019-11-16,5.6,4.2,1.1,0,0.0
2019-11-17,6.2,4.2,2.3,0.59,0.0
2019-11-18,9.6,4.5,1.4,0,6.6
2019-11-19,6.0,2.4,-1.3,0,1.7
2019-11-20,3.6,2.0,-0.8,0,0.0
2019-11-21,4.7,3.1,2.1,1.14,0.0
2019-11-22,4.0,2.7,1.5,0,0.0
2019-11-23,13.2,5.1,-0.4,0,1.8
2019-11-24,11.8,4.8,1.1,0,1.1
2019-11-25,3.8,2.9,0.7,0.22,0.0
2019-11-26,9.7,5.4,3.3,0.31,0.5
2019-11-27,7.8,4.8,2.7,0.42,0.0
2019-11-28,11.9,8.5,3.6,0.43,0.7
2019-11-29,9.4,6.1,1.2,5.82,0.1
2019-11-30,5.7,1.6,-1.7,0,0.5
2019-12-01,0.9,-0.2,-1.7,0.1,0.0
2019-12-02,1.3,0.3,-0.4,1.82,0.0
2019-12-03,4.6,-0.1,-3.4,0,3.6
2019-12-04,2.8,-1.5,-4.8,0,5.4
2019-12-05,-2.0,-3.3,-5.7,0,0.0
2019-12-06,5.2,-1.7,-4.2,0,2.8
2019-12-07,10.0,7.5,-1.0,1.16,0.7
2019-12-08,11.1,7.2,1.5,0,4.1
2019-12-09,11.0,7.3,4.0,0.76,1.5
2019-12-10,4.7,-1.6,-3.9,1.95,1.4
2019-12-11,3.1,-1.5,-6.5,0.08,3.0
2019-12-12,3.6,1.3,-1.9,4.62,0.0
2019-12-13,6.2,1.5,-2.7,1.56,0.6
2019-12-14,9.8,6.3,1.0,3.24,1.3
2019-12-15,15.4,8.8,4.1,1.31,1.3
2019-12-16,8.0,2.2,-0.7,0,0.7
2019-12-17,6.7,2.4,-0.8,0,0.0
2019-12-18,15.3,6.5,0.5,0,1.8
2019-12-19,9.5,2.2,-1.0,0,1.6
2019-12-20,12.5,4.9,-2.2,4.51,2.1
2019-12-21,6.7,3.7,0.0,5.7,0.0
2019-12-22,8.3,4.3,-0.3,0.17,0.0
2019-12-23,7.0,5.3,4.4,1.93,0.0
2019-12-24,7.4,5.2,1.6,6.05,1.5
2019-12-25,7.3,5.3,2.8,11.02,0.0
2019-12-26,6.9,2.8,0.0,0.01,3.0
2019-12-27,4.3,2.8,0.9,5.55,0.0
2019-12-28,2.4,-0.8,-3.4,0,1.2
2019-12-29,2.3,-2.0,-6.6,0,5.1
2019-12-30,5.4,-2.1,-6.9,0,5.8
2019-12-31,8.6,1.6,-2.6,0,4.5
2020-01-01,5.6,0.7,-4.0,0,4.9
2020-01-02,1.8,-2.8,-5.4,0,4.7
2020-01-03,7.2,1.6,-4.0,0.19,3.6
2020-01-04,7.1,4.2,2.7,2.37,0.0
2020-01-05,3.7,1.8,-3.1,0.47,0.0
2020-01-06,4.6,-1.5,-4.7,0,5.9
2020-01-07,5.0,2.8,-5.0,0.42,0.0
2020-01-08,3.6,0.8,-3.1,0,0.0
2020-01-09,14.6,5.4,0.4,0,4.9
2020-01-10,11.6,6.3,-1.2,0.3,5.0
2020-01-11,5.7,2.9,-2.8,0.03,0.3
2020-01-12,5.3,-1.7,-5.9,0,5.2
2020-01-13,6.0,1.1,-2.8,0,1.0
2020-01-14,11.4,1.3,-4.7,0,6.0
2020-01-15,12.2,2.5,-3.8,0,5.7
2020-01-16,10.7,5.2,0.7,0.01,4.0
2020-01-17,12.0,3.7,-3.9,0,6.1
2020-01-18,5.9,2.9,-0.1,9.08,0.0
2020-01-19,2.3,0.2,-1.6,0.09,0.3
2020-01-20,2.3,-0.5,-1.3,0.18,0.4
2020-01-21,-0.2,-2.0,-3.2,0,0.8
2020-01-22,-1.7,-3.0,-4.1,0,0.0
2020-01-23,-0.4,-2.7,-4.2,0,0.0
2020-01-24,6.8,-0.5,-4.7,0,6.2
2020-01-25,7.5,0.9,-4.0,0,2.0
2020-01-26,7.5,2.0,-1.3,0,1.6
2020-01-27,10.9,4.8,0.0,1.18,4.6
2020-01-28,7.1,4.2,1.2,4.28,1.4
2020-01-29,5.0,2.7,1.2,0.78,0.3
2020-01-30,9.9,5.5,2.0,2.1,4.8
2020-01-31,13.8,11.8,5.4,0.69,0.4
2020-02-01,15.7,9.3,2.3,11.42,4.6
2020-02-02,13.1,10.1,7.5,17.36,0.0
2020-02-03,8.3,6.2,5.0,41.62,0.0
2020-02-04,13.9,4.4,0.7,6.22,0.6
2020-02-05,2.9,1.1,-2.6,0.07,0.2
2020-02-06,6.7,-0.4,-4.5,0,6.4
2020-02-07,4.3,1.1,-6.2,0,7.1
2020-02-08,8.9,3.5,-5.8,0,5.6
2020-02-09,14.4,8.7,-3.1,0,7.3
2020-02-10,15.8,10.1,6.8,7.48,2.8
2020-02-11,8.5,4.1,1.1,8.01,1.7
2020-02-12,5.1,3.2,0.9,0.61,0.1
2020-02-13,8.3,4.0,-1.6,3.29,3.1
2020-02-14,7.7,5.7,4.4,0.96,0.2
2020-02-15,11.5,4.0,-0.9,0,4.7
2020-02-16,16.6,7.4,-0.6,0,1.0
2020-02-17,14.2,10.8,7.0,1.25,2.6
2020-02-18,9.2,6.2,4.1,0,2.8
2020-02-19,7.2,3.6,2.4,0.83,1.1
2020-02-20,11.0,4.4,-0.6,0,1.8
2020-02-21,8.4,5.5,2.0,2.72,8.2
2020-02-22,16.7,8.9,-1.5,0,8.4
2020-02-23,15.5,11.2,6.5,2.95,0.0
2020-02-24,11.3,6.2,2.6,9.12,1.0
2020-02-25,12.1,9.1,6.8,0.18,0.4
2020-02-26,7.1,3.2,0.0,3.29,3.6
2020-02-27,6.0,2.2,0.2,6.15,1.5
2020-02-28,5.6,1.8,-0.9,0.63,4.1
2020-02-29,13.4,9.5,1.8,2.01,1.4
2020-03-01,14.0,7.6,3.0,2.96,3.9
2020-03-02,9.8,6.2,-0.2,0,4.5
2020-03-03,6.0,3.9,-0.6,3.19,0.1
2020-03-04,7.0,2.6,-1.5,0.3,1.9
2020-03-05,8.9,3.5,-2.4,5.84,0.0
2020-03-06,8.8,6.3,3.3,0.38,3.1
2020-03-07,7.5,3.7,1.1,0.72,0.7
2020-03-08,11.1,4.0,-2.7,0,6.9
2020-03-09,9.0,5.4,1.1,2.18,1.2
2020-03-10,9.9,5.0,2.3,16.28,0.0
2020-03-11,15.7,13.3,9.9,0,2.4
2020-03-12,17.4,12.1,5.0,0.23,3.6
2020-03-13,11.5,6.6,-0.4,1.61,6.3
2020-03-14,10.2,3.7,-1.9,0.01,4.8
2020-03-15,13.5,4.6,-2.9,0,10.2
2020-03-16,17.6,7.3,-2.1,0.01,9.2
2020-03-17,13.6,8.3,1.9,0.18,1.0
2020-03-18,17.7,9.5,2.0,0,9.3
2020-03-19,18.4,9.7,0.8,0,10.0
2020-03-20,19.0,10.6,1.2,0.92,9.3
2020-03-21,8.7,3.7,0.2,13.53,0.0
2020-03-22,5.4,1.0,-2.4,0.02,9.6
2020-03-23,3.9,-0.6,-4.8,0,10.9
2020-03-24,5.1,0.1,-4.6,0,11.1
2020-03-25,5.8,0.8,-3.4,0,9.7
2020-03-26,8.9,2.4,-2.6,0,2.4
2020-03-27,16.5,9.0,2.0,0,10.2
2020-03-28,16.3,7.9,-1.3,0,11.1
2020-03-29,9.4,6.4,2.6,0,0.1
2020-03-30,5.9,1.0,-4.2,0.06,3.5
2020-03-31,7.2,-0.4,-5.9,0,6.3
2020-04-01,9.6,3.6,-5.6,0,11.4
2020-04-02,13.3,4.0,-5.5,0.04,11.2
2020-04-03,13.2,6.6,-0.2,0,10.2
2020-04-04,15.0,8.3,-0.1,0.02,10.6
2020-04-05,17.2,10.0,2.1,0,10.3
2020-04-06,21.1,14.7,-1.3,0,10.3
2020-04-07,21.2,12.5,1.4,0.01,11.1
2020-04-08,21.9,12.8,1.9,0.01,10.2
2020-04-09,21.2,13.5,6.0,0,11.2
2020-04-10,21.6,12.4,2.4,0,10.1
2020-04-11,20.5,14.1,4.5,0.01,10.3
2020-04-12,22.7,13.6,2.8,0,10.3
2020-04-13,21.3,13.3,3.1,0,8.2
2020-04-14,7.8,3.6,-2.2,0,8.2
2020-04-15,17.3,7.2,-3.6,0,11.4
2020-04-16,21.5,11.5,-0.3,0,10.7
2020-04-17,24.2,15.2,4.8,0,10.1
2020-04-18,24.4,18.2,7.3,0.68,7.3
2020-04-19,20.4,15.2,10.1,0.09,10.2
2020-04-20,17.9,12.2,7.6,0,9.2
2020-04-21,18.9,12.9,6.9,0.02,12.0
2020-04-22,20.7,13.5,6.1,0,11.8
2020-04-23,20.5,12.4,4.6,0.04,10.3
2020-04-24,21.1,16.5,1.9,0,7.8
2020-04-25,19.4,14.2,8.8,0.02,12.1
2020-04-26,19.8,12.1,2.5,0,12.4
2020-04-27,20.5,10.5,6.6,3.25,4.5
2020-04-28,20.7,13.1,4.9,10.02,6.6
2020-04-29,14.5,10.4,7.1,8.12,0.9
2020-04-30,17.7,12.8,4.7,6.34,1.4
2020-05-01,15.7,10.3,6.4,4.87,3.1
2020-05-02,12.6,8.8,5.6,4.18,3.0
2020-05-03,15.8,9.2,3.7,0.01,7.4
2020-05-04,18.4,12.2,5.2,2.33,3.7
2020-05-05,14.4,10.0,6.0,0.02,3.4
2020-05-06,14.6,8.3,1.0,0.02,11.7
2020-05-07,20.2,11.1,0.6,0.02,13.3
2020-05-08,24.9,15.6,4.6,0,11.9
2020-05-09,26.2,18.1,10.1,0.19,7.1
2020-05-10,22.5,16.1,12.4,4.29,3.9
2020-05-11,19.3,11.3,1.7,7.75,0.4
2020-05-12,11.4,6.3,1.8,1.08,8.7
2020-05-13,9.3,7.1,5.5,4.17,0.1
2020-05-14,12.1,9.0,6.4,6.1,0.0
2020-05-15,10.4,8.2,3.6,2.12,0.0
2020-05-16,17.7,9.9,1.0,0.05,10.2
2020-05-17,20.8,12.9,3.4,0.03,13.5
2020-05-18,23.0,14.6,4.3,0.02,12.5
2020-05-19,24.1,20.0,7.0,0.02,9.5
2020-05-20,20.7,16.2,9.2,0.02,3.2
2020-05-21,23.0,18.2,8.8,0,8.6
2020-05-22,25.1,18.7,8.1,0.02,7.6
2020-05-23,22.8,14.4,7.9,8.58,1.4
2020-05-24,17.6,12.7,7.2,0,7.1
2020-05-25,17.5,13.3,10.5,3.05,4.4
2020-05-26,18.0,11.8,4.9,0.06,6.8
2020-05-27,20.5,13.1,3.9,0,13.0
2020-05-28,18.5,12.3,6.4,0.91,4.5
2020-05-29,17.2,11.3,5.8,0.17,3.2
2020-05-30,17.2,11.0,5.5,0.03,3.7
2020-05-31,18.3,12.7,5.6,0,7.1
2020-06-02,24.2,16.3,6.6,0,12.9
2020-06-03,26.1,18.2,7.5,0,10.3
2020-06-04,19.1,15.5,11.6,4.26,0.1
2020-06-05,17.3,13.7,11.1,2.57,2.2
2020-06-06,20.8,15.8,12.8,10.67,0.5
2020-06-07,13.8,8.6,8.1,10.29,0.0
2020-06-08,17.6,12.6,8.2,2.32,3.6
2020-06-09,15.1,12.6,10.8,11.19,0.1
2020-06-10,15.2,13.3,12.2,1.73,0.0
2020-06-11,21.1,14.9,10.3,4.33,4.7
2020-06-12,26.5,18.3,8.2,0.26,11.4
2020-06-13,27.0,19.8,10.7,18.58,12.6
2020-06-14,14.8,13.9,12.7,26.7,0.0
2020-06-15,14.9,13.5,12.7,24.54,0.0
2020-06-16,20.6,16.2,13.0,2.49,1.5
2020-06-17,24.1,16.2,13.0,11.09,2.6
2020-06-18,22.5,16.8,11.6,0.01,11.3
2020-06-19,15.0,13.8,12.6,11.71,0.0
2020-06-20,19.4,15.2,12.5,0.4,1.8
2020-06-21,22.4,16.9,12.4,0,6.6
2020-06-22,23.8,18.4,12.2,0.03,5.2
2020-06-23,25.3,13.6,12.3,0.01,10.6
2020-06-24,24.5,21.5,9.8,0.01,11.8
2020-06-25,23.9,14.4,11.6,0.14,7.0
2020-06-26,27.2,22.3,9.0,0.03,9.7
2020-06-27,29.2,22.2,15.5,0,10.8
2020-06-28,27.5,20.9,13.2,4.08,10.5
2020-06-29,22.4,16.7,14.0,19.28,4.1
2020-06-30,24.8,19.0,11.8,0.11,11.4
2020-07-01,29.4,23.5,12.0,6.29,9.0
2020-07-02,25.5,19.3,15.9,11.78,4.5
2020-07-03,22.1,18.4,12.9,0.15,4.5
2020-07-04,24.5,19.6,10.3,0.03,12.4
2020-07-05,27.6,22.1,14.8,0.01,10.5
2020-07-06,23.2,18.1,11.6,0.02,6.8
2020-07-07,21.0,15.3,9.6,0,13.3
2020-07-08,25.9,18.2,8.3,0.02,11.6
2020-07-09,28.9,21.4,12.4,0,12.9
2020-07-10,30.6,22.0,13.6,11.74,10.0
2020-07-11,19.5,15.5,10.5,34.46,1.6
2020-07-12,21.8,15.6,8.6,0.26,11.9
2020-07-13,22.7,17.8,8.3,0.04,12.2
2020-07-14,24.3,16.7,8.0,0.02,13.0
2020-07-15,21.3,16.5,14.1,4.47,3.1
2020-07-16,17.6,14.5,12.7,17.07,0.2
2020-07-17,21.4,16.0,11.9,3.46,5.7
2020-07-18,21.3,15.9,9.8,0.01,2.9
2020-07-19,26.3,19.4,13.2,0,11.0
2020-07-20,28.2,21.1,13.6,0,13.4
2020-07-21,28.3,20.0,12.4,1.02,9.4
2020-07-22,26.0,19.8,13.2,0.01,9.5
2020-07-23,26.5,19.9,14.0,0.38,7.4
2020-07-24,25.4,19.5,13.7,0.02,6.4
2020-07-25,26.3,20.3,14.8,0.14,6.2
2020-07-26,25.4,18.1,14.3,3.49,2.8
2020-07-27,28.1,20.4,11.7,0.07,12.3
2020-07-28,31.5,23.4,16.0,3.97,8.0
2020-07-29,26.9,20.8,14.6,0,11.3
2020-07-30,30.2,21.7,12.8,0.12,13.4
2020-07-31,32.4,23.5,14.1,0.02,13.3
2020-08-01,33.5,24.9,15.3,14.46,8.8
2020-08-02,22.9,19.0,16.3,19.94,0.5
2020-08-03,18.9,16.4,13.7,23.26,0.0
2020-08-04,15.4,13.5,12.4,19.48,0.0
2020-08-05,21.6,15.6,9.0,0.02,9.5
2020-08-06,25.9,18.4,10.8,0,12.4
2020-08-07,28.7,21.1,14.3,0,12.4
2020-08-08,30.2,21.3,12.9,0.02,12.0
2020-08-09,30.3,21.7,13.7,0,11.9
2020-08-10,30.9,21.9,12.9,0,11.3
2020-08-11,30.0,22.9,15.1,0,10.1
2020-08-12,29.4,22.6,16.4,0,11.7
2020-08-13,27.7,20.6,15.1,0.01,6.4
2020-08-14,24.8,20.2,16.5,40.03,4.7
2020-08-15,26.9,21.0,16.9,0.05,6.1
2020-08-16,27.3,20.6,14.6,0,11.0
2020-08-17,23.5,19.0,15.1,0.15,2.6
2020-08-18,22.2,17.6,15.1,11.56,1.8
2020-08-19,25.7,18.6,12.2,1.3,8.9
2020-08-20,30.5,21.2,12.3,0,8.8
2020-08-21,33.0,25.3,15.2,0,10.6
2020-08-22,23.7,19.8,16.4,2.9,0.8
2020-08-23,23.6,18.5,14.6,0,5.4
2020-08-24,22.7,16.8,12.1,0,5.1
2020-08-25,25.2,17.4,9.7,0,8.9
2020-08-26,26.9,22.2,15.7,0,11.2
2020-08-27,22.7,17.2,10.8,0,10.0
2020-08-28,27.3,18.2,10.9,16.7,6.9
2020-08-29,15.7,14.2,12.9,14.15,0.0
2020-08-30,15.6,13.8,11.6,4.96,0.0
2020-08-31,17.8,13.8,9.5,0.25,1.5
2020-09-01,16.3,13.7,11.5,4.52,0.3
2020-09-02,19.1,13.7,10.0,0.01,5.1
2020-09-03,22.0,15.1,7.6,0.02,8.9
2020-09-04,26.6,19.3,13.3,0.01,9.9
2020-09-05,27.2,19.6,11.6,0.59,6.1
2020-09-06,19.3,15.6,12.9,9.9,2.2
2020-09-07,18.3,14.0,10.1,0.19,1.2
2020-09-08,21.4,13.8,8.7,0.14,6.4
2020-09-09,24.7,16.8,7.6,0.01,9.6
2020-09-10,24.2,17.7,11.8,0.02,9.7
2020-09-11,24.0,16.4,12.0,0,6.0
2020-09-12,25.6,19.7,10.3,0.01,10.7
2020-09-13,26.6,20.7,10.6,0,9.5
2020-09-14,26.6,17.4,9.2,0,9.2
2020-09-15,28.3,18.8,10.7,0,8.9
2020-09-16,26.8,19.4,12.8,0,8.3
2020-09-17,23.7,19.0,13.3,0,4.7
2020-09-18,20.2,15.3,9.8,0.02,5.3
2020-09-19,22.8,13.9,5.1,0,10.1
2020-09-20,23.1,14.7,7.4,0,9.9
2020-09-21,24.1,18.2,8.4,0,9.0
2020-09-22,25.1,17.0,9.6,1.03,7.0
2020-09-23,20.5,15.8,12.0,27.7,1.0
2020-09-24,21.6,16.0,10.4,1.55,3.8
2020-09-25,13.5,9.2,5.5,33.13,0.0
2020-09-26,7.6,7.0,6.4,5.37,0.0
2020-09-27,15.6,9.8,3.8,0.27,9.1
2020-09-28,10.2,7.1,2.9,0.97,0.0
2020-09-29,12.0,10.1,6.6,2.59,0.2
2020-09-30,17.5,12.1,6.0,0.07,3.3
2020-10-01,19.1,11.3,3.7,0,9.4
2020-10-02,18.0,14.0,8.0,0.01,1.1
2020-10-03,21.0,12.6,3.7,3.84,1.3
2020-10-04,17.8,10.3,3.8,0.14,5.3
2020-10-05,15.1,11.0,8.2,5.68,2.1
2020-10-06,14.2,11.5,9.2,12.28,0.6
2020-10-07,14.2,10.2,8.1,5.24,1.5
2020-10-08,18.0,12.4,7.9,0.37,7.6
2020-10-09,19.5,13.7,8.7,0,6.2
2020-10-10,13.0,9.4,6.2,6.05,0.0
2020-10-11,10.3,7.0,5.2,3.05,1.4
2020-10-12,8.7,6.6,2.5,2.7,1.3
2020-10-13,10.5,6.5,4.3,0.36,0.5
2020-10-14,8.5,5.9,3.9,0.99,0.2
2020-10-15,8.2,6.8,5.5,3.21,0.0
2020-10-16,9.4,7.1,6.6,9.58,0.0
2020-10-17,8.8,6.4,5.5,0,0.0
2020-10-18,11.9,7.5,4.4,0.33,3.1
2020-10-19,13.4,3.4,0.8,0,1.1
2020-10-20,14.3,5.4,-1.3,0,5.6
2020-10-21,19.3,12.3,3.7,0.02,4.7
2020-10-22,16.4,10.8,5.3,0,0.8
2020-10-23,18.4,14.8,10.7,0.96,0.1
2020-10-24,14.4,11.0,5.1,11.03,0.1
2020-10-25,17.0,8.2,1.4,0,7.2
2020-10-26,8.8,6.7,4.0,14.71,0.0
2020-10-27,11.7,5.6,1.5,2.16,1.0
2020-10-28,15.2,7.9,0.4,0,1.1
2020-10-29,11.6,9.9,8.3,14.48,0.2
2020-10-30,14.1,11.7,8.8,1.31,1.3
2020-10-31,16.6,10.9,3.7,0,6.9
2020-11-01,15.7,9.7,2.7,4.4,0.5
2020-11-02,22.3,16.7,13.0,0,1.5
2020-11-03,16.8,12.2,8.4,5.94,0.1
2020-11-04,9.3,7.9,6.5,0.6,0.1
2020-11-05,11.9,7.5,3.1,0,2.7
2020-11-06,8.3,3.6,-0.4,0,1.3
2020-11-07,6.1,3.8,2.1,0.47,0.0
2020-11-08,10.3,3.6,-0.3,0.21,3.6
2020-11-09,4.8,2.8,1.3,0.38,0.4
2020-11-10,4.5,3.0,1.4,0.25,0.5
2020-11-11,8.4,5.7,4.0,0.08,0.6
2020-11-12,19.2,7.5,4.3,0,0.3
2020-11-13,15.9,5.9,1.9,0,3.5
2020-11-14,16.5,8.9,2.0,0,3.8
2020-11-15,15.1,7.8,-0.4,0,5.2
2020-11-16,11.9,9.7,2.7,4.97,1.7
2020-11-17,12.7,2.8,2.6,0.01,4.7
2020-11-18,14.1,4.7,-1.1,0,6.7
2020-11-19,14.0,6.8,0.2,1.05,0.9
2020-11-20,10.9,7.7,2.7,4.97,0.4
2020-11-21,5.3,-1.0,-5.2,0,6.1
2020-11-22,8.5,0.8,-5.2,0,6.2
2020-11-23,7.3,4.3,1.0,1,0.1
2020-11-24,5.0,3.0,2.6,0.01,0.0
2020-11-25,2.7,0.5,-0.1,0,0.0
2020-11-26,2.9,0.6,-0.8,0.03,0.0
2020-11-27,0.4,-1.0,-2.0,0,0.0
2020-11-28,0.2,-1.3,-2.4,0.01,0.0
2020-11-29,2.6,-0.8,-4.9,0,2.9
2020-11-30,2.3,-2.7,-7.6,0,3.0
2020-12-02,-0.2,-2.6,-4.2,0.02,0.0
2020-12-03,3.2,-2.6,-5.7,0,1.3
2020-12-04,3.7,-1.6,-5.4,0,0.5
2020-12-05,2.6,0.8,-1.4,2.41,0.0
2020-12-06,3.8,1.2,-1.0,0,0.0
2020-12-07,5.8,1.8,-1.5,0.19,3.5
2020-12-08,1.8,-0.4,-3.5,0,0.1
2020-12-09,0.9,0.4,-0.3,5.04,0.0
2020-12-10,1.6,0.6,0.1,0,0.1
2020-12-11,1.2,0.2,-1.4,0,0.0
2020-12-12,4.6,2.1,-0.7,0.94,0.0
2020-12-13,5.2,4.4,1.9,2.98,0.0
2020-12-14,5.5,2.0,-1.0,0,4.3
2020-12-15,3.1,1.8,0.5,0,0.1
2020-12-16,4.3,2.1,1.1,0,0.0
2020-12-17,5.6,1.4,-0.6,0,1.5
2020-12-18,3.4,0.0,-1.5,0,2.7
2020-12-19,-0.7,-1.4,-2.2,0,0.0
2020-12-20,-0.4,-1.2,-2.1,0,0.0
2020-12-21,4.8,2.3,-0.5,1.29,0.3
2020-12-22,13.6,10.8,4.7,5.5,0.1
2020-12-23,13.5,10.8,8.5,1.2,0.0
2020-12-24,10.1,7.0,4.2,10.86,0.7
2020-12-25,4.4,1.4,-0.5,3.91,0.0
2020-12-26,2.1,-1.5,-6.0,0.01,4.3
2020-12-27,0.0,-4.0,-7.8,0,3.2
2020-12-28,1.5,0.2,-2.9,1.89,0.0
2020-12-29,7.3,1.4,-1.7,0.01,2.7
2020-12-30,4.1,1.0,-2.8,0,0.6
2020-12-31,4.8,-0.2,-3.8,0,5.5
2021-01-01,3.6,-1.1,-4.7,0,3.4
2021-01-02,0.0,-1.6,-2.9,0,0.0
2021-01-03,0.4,-0.8,-2.4,0.09,0.0
2021-01-04,0.0,-1.0,-1.7,0,0.0
2021-01-05,-0.2,-1.2,-2.0,0.02,0.0
2021-01-06,-0.5,-0.9,-1.9,7.06,0.0
2021-01-07,2.7,-0.4,-1.8,0.1,1.1
2021-01-08,1.7,-0.4,-1.6,0.03,0.0
2021-01-09,1.4,-2.1,-10.4,0,1.8
2021-01-10,-3.9,-7.1,-9.8,0,0.2
2021-01-11,-5.8,-7.6,-10.3,0,0.0
2021-01-12,2.4,-1.0,-8.2,4.32,0.0
2021-01-13,2.5,0.5,-1.4,0.32,4.6
2021-01-14,1.9,-0.3,-5.1,0.55,0.0
2021-01-15,-2.1,-3.9,-6.2,0.03,1.6
2021-01-16,-0.3,-2.7,-6.1,0.04,1.2
2021-01-17,-1.0,-3.3,-6.1,5.06,0.0
2021-01-18,1.7,0.8,-1.0,0.62,0.0
2021-01-19,5.3,1.3,-4.9,3.73,3.2
2021-01-20,9.3,1.3,-4.1,0,4.7
2021-01-21,10.4,1.0,-4.7,0,3.9
2021-01-22,11.5,5.4,-0.1,0,4.3
2021-01-23,3.6,1.3,-1.7,2.22,0.0
2021-01-24,2.5,0.2,-4.5,0.3,3.0
2021-01-25,-0.5,-2.8,-6.8,5.57,0.0
2021-01-26,0.5,-0.8,-2.2,0.73,0.0
2021-01-27,1.5,-1.2,-6.8,0.41,0.7
2021-01-28,8.8,4.5,1.1,10.71,0.0
2021-01-29,11.3,7.5,5.2,6.85,1.9
2021-01-30,9.1,5.2,1.1,8.93,1.2
2021-01-31,1.0,-0.4,-1.6,0.86,0.0
2021-02-01,6.6,2.7,-1.2,2.13,0.2
2021-02-02,10.7,8.0,4.9,8.21,0.1
2021-02-03,10.8,8.7,7.3,11.88,0.0
2021-02-04,11.4,8.1,5.0,0,7.3
2021-02-05,12.4,7.0,2.9,0.12,2.2
2021-02-06,7.4,5.1,3.0,0,0.0
2021-02-07,3.7,2.2,0.2,10.45,0.1
2021-02-08,7.1,2.5,0.1,0.81,3.9
2021-02-09,0.0,-1.0,-1.6,0.12,0.0
2021-02-10,-0.5,-2.7,-8.5,3.31,0.0
2021-02-11,-5.1,-9.7,-15.3,0.04,8.1
2021-02-12,-3.8,-9.4,-16.0,0.01,7.9
2021-02-13,-3.2,-8.5,-13.5,0,8.4
2021-02-14,1.0,-8.2,-16.2,0,8.4
2021-02-15,1.2,-5.3,-15.2,1.13,3.3
2021-02-16,9.5,4.3,0.3,0.68,0.7
2021-02-17,10.8,6.3,-0.3,3.71,2.1
2021-02-18,11.9,4.3,-2.0,0,6.8
2021-02-19,10.4,6.7,1.5,1.49,2.0
2021-02-20,15.6,6.4,-0.8,0,8.7
2021-02-21,11.1,3.2,-2.2,0,6.1
2021-02-22,13.8,4.4,-0.5,0,4.4
2021-02-23,17.0,5.9,-1.1,0,7.7
2021-02-24,18.2,7.2,-1.0,0.01,8.0
2021-02-25,19.8,7.6,-1.1,0,8.6
2021-02-26,16.8,9.1,0.4,1.46,8.3
2021-02-27,8.7,3.5,-1.6,1.57,1.3
2021-02-28,9.3,2.5,-2.6,0,9.4
2021-03-01,13.1,4.5,-4.1,0,9.5
2021-03-02,13.9,4.7,-3.0,0,9.7
2021-03-03,11.9,3.6,-3.5,0,1.5
2021-03-04,14.6,7.9,0.8,3.58,3.1
2021-03-05,5.6,2.5,-2.2,4.03,0.0
2021-03-06,5.4,-0.1,-4.4,0,10.2
2021-03-07,8.9,1.7,-6.8,0.96,8.1
2021-03-08,7.6,1.9,-3.0,0,10.2
2021-03-09,6.9,4.0,-4.6,0.12,8.1
2021-03-10,7.2,2.7,-0.4,0.61,1.1
2021-03-11,16.2,10.7,0.1,4.95,1.4
2021-03-12,11.1,6.7,3.9,2.91,5.7
2021-03-13,12.7,7.7,4.1,2.41,0.9
2021-03-14,6.0,3.2,0.7,2.93,2.3
2021-03-15,5.0,2.9,1.2,3.88,0.3
2021-03-16,5.2,3.0,0.3,1.46,0.6
2021-03-17,5.8,0.8,-1.9,9.53,1.8
2021-03-18,5.5,0.7,-3.4,0.2,4.9
2021-03-19,4.4,0.1,-1.3,2.2,1.5
2021-03-20,1.4,-1.6,-3.0,0.11,3.9
2021-03-21,1.7,0.3,-1.6,0.09,0.0
2021-03-22,5.6,2.5,0.8,0.25,2.8
2021-03-23,6.7,3.0,-0.8,0,2.4
2021-03-24,13.8,4.7,-2.7,0,11.1
2021-03-25,16.8,7.6,-2.1,0,10.9
2021-03-26,18.3,12.0,0.6,0,9.3
2021-03-27,11.3,8.6,4.0,1.43,3.9
2021-03-28,15.0,8.5,1.7,0,10.0
2021-03-29,19.6,10.3,0.3,0.01,10.8
2021-03-30,21.5,10.8,-0.2,0.16,11.5
2021-03-31,22.4,11.6,0.9,0.02,11.6
2021-04-01,23.1,13.4,3.1,2.44,8.9
2021-04-02,14.0,8.5,3.7,0.07,7.1
2021-04-03,8.5,4.9,0.8,0.01,2.8
2021-04-04,11.4,5.2,-1.9,0.04,10.9
2021-04-05,15.0,5.6,-2.3,1.9,6.9
2021-04-06,4.0,-0.5,-3.5,0.46,5.0
2021-04-07,3.7,-0.1,-2.5,3.74,4.5
2021-04-08,6.9,3.0,-1.4,1.24,5.0
2021-04-09,17.8,7.3,-3.5,0.01,7.5
2021-04-10,17.4,10.9,1.4,0.02,8.8
2021-04-11,19.7,12.1,3.5,0.09,6.3
2021-04-12,9.4,3.3,0.5,4.87,0.0
2021-04-13,6.4,2.5,-0.6,1.24,2.3
2021-04-14,6.8,2.4,-2.3,0.01,3.8
2021-04-15,7.5,1.9,-3.2,0.15,7.8
2021-04-16,7.9,4.2,-4.5,0,5.1
2021-04-17,6.8,3.8,-0.9,0.14,0.2
2021-04-18,7.5,4.8,2.5,0.06,0.0
2021-04-19,12.8,6.5,3.3,4.7,3.3
2021-04-20,13.1,7.8,4.0,1.46,2.4
2021-04-21,16.6,8.9,0.0,0.19,11.7
2021-04-22,14.3,8.4,0.6,0.01,7.9
2021-04-23,15.4,7.7,-2.0,0.05,9.8
2021-04-24,18.2,8.9,-1.3,0.02,12.8
2021-04-25,15.4,11.5,2.1,0.03,10.0
2021-04-26,14.8,8.9,2.1,0,12.9
2021-04-27,16.8,9.7,1.5,0,12.9
2021-04-28,20.3,11.2,0.6,0.04,10.9
2021-04-29,15.8,12.2,9.3,2.2,0.1
2021-04-30,18.8,10.8,6.5,4.06,6.6
2021-05-01,12.6,9.0,6.2,12.38,0.5
2021-05-02,10.3,6.0,4.1,17.23,2.1
2021-05-03,13.3,7.8,3.3,0.02,10.1
2021-05-04,18.0,11.6,1.8,0.02,6.7
2021-05-05,12.0,6.8,4.1,8.21,4.7
2021-05-06,11.8,7.9,4.8,12.06,1.3
2021-05-07,11.0,7.0,0.4,8.88,3.1
2021-05-08,17.7,9.0,-1.1,0.07,10.7
2021-05-09,26.4,16.9,4.1,0.07,12.5
2021-05-10,29.2,16.1,9.2,1.03,8.9
2021-05-11,17.9,14.4,9.9,2.23,1.1
2021-05-12,10.6,9.7,8.8,27.46,0.0
2021-05-13,13.6,10.1,8.5,11.97,0.0
2021-05-14,17.5,11.8,5.7,0.75,7.6
2021-05-15,16.6,11.6,7.5,3.2,4.9
2021-05-16,17.7,11.5,5.9,0.47,3.8
2021-05-17,14.7,10.8,8.3,2.01,4.4
2021-05-18,14.2,10.6,8.2,3.66,5.9
2021-05-19,13.8,9.3,7.0,7.81,4.4
2021-05-20,15.3,9.9,6.2,1.51,5.3
2021-05-21,16.9,10.4,5.3,10.41,0.2
2021-05-22,17.4,11.8,6.7,5.16,11.7
2021-05-23,15.8,10.3,6.8,4.22,7.1
2021-05-24,18.2,11.2,5.6,6.61,0.5
2021-05-25,15.3,11.1,7.4,1.76,9.6
2021-05-26,15.7,11.4,6.2,3.74,1.2
2021-05-27,15.5,9.6,7.7,5.48,3.2
2021-05-28,16.5,11.9,6.4,0.13,5.7
2021-05-29,18.1,12.2,5.8,0.02,8.7
2021-05-30,17.9,11.2,3.6,0.07,13.5
2021-05-31,18.8,11.7,3.1,0,14.2
2021-06-01,21.4,17.0,3.4,0.02,14.3
2021-06-02,24.8,16.3,4.3,0.02,14.3
2021-06-03,26.4,18.3,7.9,0,13.5
2021-06-04,26.8,18.5,10.3,0.34,6.6
2021-06-05,23.9,18.1,13.1,0.5,9.7
2021-06-06,17.9,15.0,12.9,10.96,0.0
2021-06-07,24.4,18.5,14.0,0.09,5.8
2021-06-08,25.4,18.3,12.6,0.13,8.9
2021-06-09,25.7,17.4,11.4,0.07,8.3
2021-06-10,25.3,18.1,12.8,2.47,8.6
2021-06-11,25.2,18.7,12.6,0.1,13.6
2021-06-12,26.5,20.7,13.8,0.58,11.1
2021-06-13,22.9,17.8,9.5,0.02,14.0
2021-06-14,24.9,16.8,8.3,0,14.4
2021-06-15,27.5,18.8,8.0,0,13.9
2021-06-16,29.5,21.1,11.1,0,14.1
2021-06-17,31.3,22.2,11.0,0,14.5
2021-06-18,32.2,23.2,12.9,0,13.2
2021-06-19,31.5,24.5,16.8,0,12.2
2021-06-20,29.1,23.2,16.8,0,5.6
2021-06-21,29.5,22.7,15.7,44.55,10.7
2021-06-22,25.9,20.0,14.9,13.72,7.3
2021-06-23,25.7,19.6,14.0,23.81,6.7
2021-06-24,23.9,17.6,13.3,20.98,7.0
2021-06-25,23.2,16.8,13.8,0.88,5.5
2021-06-26,24.6,18.4,11.4,0.04,12.3
2021-06-27,27.1,20.1,12.1,0.01,13.1
2021-06-28,29.7,22.4,14.1,15.6,12.7
2021-06-29,25.6,17.9,12.9,23.74,6.3
2021-06-30,18.7,15.0,12.8,4.46,4.3
2021-07-01,17.1,14.0,11.5,1.51,0.1
2021-07-02,22.1,16.7,12.6,0,7.8
2021-07-03,24.8,18.2,10.0,0.21,12.8
2021-07-04,23.0,17.8,14.6,9.81,2.4
2021-07-05,22.9,18.2,13.1,0.01,6.1
2021-07-06,31.2,20.7,12.4,13.9,11.7
2021-07-07,21.1,18.2,16.5,3.27,0.5
2021-07-08,19.8,17.0,14.7,21.31,0.3
2021-07-09,20.2,15.9,12.5,1.99,3.6
2021-07-10,24.4,17.8,10.0,1.21,13.0
2021-07-11,21.7,16.3,11.9,3.76,6.4
2021-07-12,26.0,18.5,10.7,0,10.5
2021-07-13,22.5,16.4,13.5,17.79,1.7
2021-07-14,20.4,15.7,13.1,0.53,1.8
2021-07-15,19.8,16.3,13.8,3.94,2.7
2021-07-16,24.4,18.2,11.4,0.06,6.8
2021-07-17,21.7,18.9,16.0,2.45,0.1
2021-07-18,25.1,19.6,15.7,0.73,4.1
2021-07-19,26.8,19.7,13.5,0.24,9.6
2021-07-20,24.2,18.3,12.8,2.43,12.8
2021-07-21,25.6,18.4,10.4,0,13.8
2021-07-22,26.4,19.0,10.8,0,12.3
2021-07-23,27.9,20.8,13.7,0,11.1
2021-07-24,26.8,19.2,12.0,9.33,6.8
2021-07-25,23.2,18.7,14.7,0.86,4.3
2021-07-26,26.6,20.6,15.3,7.93,4.5
2021-07-27,25.6,19.9,13.7,0.97,9.9
2021-07-28,20.9,18.1,14.7,17.14,2.2
2021-07-29,26.0,21.7,13.6,0,12.1
2021-07-30,28.6,21.0,13.1,0.17,11.6
2021-07-31,23.8,19.6,16.0,0.38,3.4
2021-08-01,17.9,15.0,13.0,20.06,0.1
2021-08-02,22.1,16.3,12.3,1.97,7.7
2021-08-03,23.3,16.5,10.6,1.85,7.5
2021-08-04,18.0,14.8,13.0,9.77,0.4
2021-08-05,21.8,15.7,12.6,7.62,3.2
2021-08-06,23.3,17.2,11.7,3.06,7.4
2021-08-07,26.1,17.1,11.5,7.09,6.2
2021-08-08,20.3,16.1,13.0,0.32,0.9
2021-08-09,24.3,17.4,11.5,0.1,9.7
2021-08-10,27.3,19.4,11.0,0.09,12.7
2021-08-11,27.7,20.4,13.6,0.02,11.4
2021-08-12,29.9,24.7,13.0,0,12.8
2021-08-13,30.5,23.6,16.2,0.01,11.4
2021-08-14,29.9,23.7,18.1,0,12.0
2021-08-15,29.9,21.8,16.8,5,9.3
2021-08-16,22.3,17.9,12.0,14.24,1.4
2021-08-17,18.8,13.8,9.8,4.5,8.9
2021-08-18,20.0,15.0,11.0,0.01,2.8
2021-08-19,22.5,17.7,14.1,0,3.4
2021-08-20,24.5,18.4,13.0,0.01,7.2
2021-08-21,26.9,18.8,10.5,0,11.8
2021-08-22,23.2,17.7,14.0,9.49,1.3
2021-08-23,19.9,15.6,12.9,12.52,3.5
2021-08-24,18.3,14.6,12.0,0.36,0.6
2021-08-25,19.7,14.4,10.2,0,11.6
2021-08-26,15.7,13.1,10.9,4.87,1.5
2021-08-27,17.6,13.4,10.8,5.04,4.9
2021-08-28,16.2,12.4,10.0,9.09,1.4
2021-08-29,16.2,12.6,9.6,11.72,1.1
2021-08-30,17.5,13.8,12.3,23.21,2.2
2021-08-31,19.2,14.6,11.9,1.14,3.3
2021-09-01,20.3,13.8,8.3,0,9.3
2021-09-02,21.7,14.1,6.1,0,11.9
2021-09-03,23.0,14.9,7.7,0,11.9
2021-09-04,23.7,15.0,7.0,0,11.8
2021-09-05,24.0,15.3,7.5,0,11.8
2021-09-06,24.0,15.0,7.2,0,11.7
2021-09-07,23.7,14.9,7.6,0.01,7.9
2021-09-08,24.9,15.8,7.5,0,11.7
2021-09-09,26.2,18.3,10.4,0,10.9
2021-09-10,25.9,18.7,11.9,0,10.7
2021-09-11,21.7,17.5,12.7,1.39,4.5
2021-09-12,24.1,16.9,11.2,0,7.8
2021-09-13,24.7,17.5,11.6,0,10.6
2021-09-14,26.8,18.3,10.7,0,11.2
2021-09-15,22.2,17.5,12.5,8.59,0.7
2021-09-16,22.1,17.2,12.3,4.04,0.7
2021-09-17,18.8,13.3,8.2,0,3.1
2021-09-18,20.8,13.0,6.1,0,9.2
2021-09-19,19.3,12.4,7.2,0,3.7
2021-09-20,16.5,11.8,8.4,0,3.3
2021-09-21,15.4,11.0,6.0,0,0.5
2021-09-22,16.4,9.8,4.3,0,5.1
2021-09-23,22.0,13.2,3.9,0,10.6
2021-09-24,22.3,15.0,9.2,0,10.6
2021-09-25,24.9,15.5,6.5,0.01,10.5
2021-09-26,25.2,18.5,13.3,10.29,6.3
2021-09-27,22.8,16.7,12.5,6.91,6.1
2021-09-28,17.1,14.6,13.2,0.04,0.4
2021-09-29,18.8,14.8,10.8,0.43,2.4
2021-09-30,15.6,10.7,4.4,0,6.6
2021-10-01,20.1,13.2,2.8,0,10.0
2021-10-02,22.5,14.0,6.6,0,8.9
2021-10-03,26.2,16.3,7.7,0,9.2
2021-10-04,15.2,12.7,10.5,0,0.6
2021-10-05,14.2,12.0,10.7,5,0.2
2021-10-06,14.8,10.6,6.7,0.8,3.4
2021-10-07,11.8,9.3,5.8,0.09,0.0
2021-10-08,14.7,10.3,7.0,0.47,0.9
2021-10-09,14.7,8.3,3.6,0,6.2
2021-10-10,13.0,5.8,-0.2,0,8.6
2021-10-11,13.7,6.6,-0.9,0.71,8.3
2021-10-12,10.0,8.1,6.4,9.51,0.0
2021-10-13,11.8,6.4,3.5,2.39,2.6
2021-10-14,11.1,6.6,2.5,0,0.0
2021-10-15,16.0,8.0,0.2,0,7.9
2021-10-16,15.4,8.5,2.4,0,4.7
2021-10-17,12.3,5.2,0.5,0,5.5
2021-10-18,10.0,6.7,5.0,0.14,0.3
2021-10-19,15.1,9.3,1.7,0.07,0.0
2021-10-20,22.0,13.0,5.4,0.02,5.6
2021-10-21,17.0,12.7,9.4,0.71,5.3
2021-10-22,11.7,7.4,3.7,2.29,2.2
2021-10-23,12.2,5.9,1.1,0.01,3.2
2021-10-24,13.1,4.8,-0.7,0.0,7.2
2021-10-25,10.7,3.7,-1.6,0.0,1.9
2021-10-26,14.1,6.1,-0.3,1.15,1.5
2021-10-27,14.5,6.9,0.5,0.02,6.9
2021-10-28,12.1,6.3,3.4,0.17,3.7
2021-10-29,5.8,3.8,0.3,0.1,0.1
2021-10-30,11.7,5.3,-0.1,0.07,3.0
2021-10-31,18.2,9.0,2.4,0.0,7.3
2021-11-01,10.5,6.3,1.9,12.58,0.0
2021-11-02,12.1,6.8,1.8,2.99,3.3
2021-11-03,7.5,6.7,-1.0,0.77,0.0
2021-11-04,7.1,5.0,2.9,8.18,0.2
2021-11-05,10.0,4.7,0.2,0.09,2.6
2021-11-06,9.7,4.6,1.5,0.07,5.3
2021-11-07,11.2,5.4,0.6,0.05,5.0
2021-11-08,9.4,4.4,-2.1,0.0,4.7
2021-11-09,8.2,1.7,-3.5,0.0,7.1
2021-11-10,6.8,1.9,-2.5,0.0,2.2
2021-11-11,5.2,1.5,-1.4,0.0,1.3
2021-11-12,3.3,2.1,0.0,0.18,0.0
2021-11-13,6.7,4.5,1.9,5.11,0.0
2021-11-14,7.8,6.2,4.4,0.03,0.0
2021-11-15,4.9,4.3,3.6,0.0,0.0
2021-11-16,4.7,4.1,3.7,0.12,0.1
2021-11-17,5.6,4.2,3.1,0.04,0.0
2021-11-18,7.5,4.1,-0.3,0.36,0.1
2021-11-19,9.2,3.3,-0.7,0.0,3.2
2021-11-20,6.8,4.5,3.1,0.19,0.0
2021-11-21,4.0,2.0,-0.5,0.05,1.5
2021-11-22,4.7,3.4,2.2,2.38,0.0
2021-11-23,5.3,1.8,-1.9,0.0,4.1
2021-11-24,0.4,-1.2,-4.2,0.0,0.0
2021-11-25,-0.3,-1.1,-1.5,0.0,0.0
2021-11-26,0.6,-0.7,-1.8,0.24,0.0
2021-11-27,4.0,1.5,-1.2,0.2,0.0
2021-11-28,2.3,0.3,-0.7,1.6,0.1
2021-11-29,1.3,-0.4,-1.4,1.47,0.6
2021-11-30,4.9,1.4,-0.3,1.15,0.0
2021-12-01,9.8,7.1,4.8,0.05,1.0
2021-12-02,7.1,3.4,0.1,3.59,0.9
2021-12-03,1.9,-0.8,-3.7,0.58,2.6
2021-12-04,8.1,3.2,-2.5,8.86,0.0
2021-12-05,5.2,1.7,-1.7,1.46,0.1
2021-12-06,1.8,0.1,-1.9,0.01,0.0
2021-12-07,4.5,0.1,-2.9,1.57,2.1
2021-12-08,0.2,-1.2,-4.3,1.28,0.1
2021-12-09,1.8,0.8,-0.1,4.49,0.0
2021-12-10,2.3,-0.1,-3.9,3.58,2.4
2021-12-11,2.4,1.3,-1.0,0.31,0.1
2021-12-12,4.8,2.4,-0.9,0.62,1.8
2021-12-13,5.4,3.8,2.0,3.35,0.0
2021-12-14,4.5,2.6,0.4,0.9,0.3
2021-12-15,4.7,3.4,2.4,0.13,0.0
2021-12-16,5.2,3.0,1.2,0.19,0.1
2021-12-17,4.9,2.8,0.6,0.03,0.3
2021-12-18,0.7,-0.1,-1.7,0.0,0.0
2021-12-19,0.5,-0.8,-1.8,0.0,0.0
2021-12-20,5.7,0.3,-4.9,0.04,1.6
2021-12-21,-0.3,-7.2,-8.4,0.0,1.1
2021-12-22,-0.8,-6.4,-10.7,0.0,2.8
2021-12-23,8.8,-2.6,-10.1,1.13,0.1
2021-12-24,9.3,7.4,4.5,5.12,0.0
2021-12-25,9.5,5.8,1.6,4.24,0.0
2021-12-26,1.8,1.1,0.1,1.24,0.0
2021-12-27,6.7,2.0,0.2,0.83,2.6
2021-12-28,9.8,4.5,-0.3,12.69,0.1
2021-12-29,10.4,7.8,5.8,11.25,0.6
2021-12-30,14.0,12.0,9.7,1.39,0.0
2021-12-31,15.7,11.8,8.0,0.0,4.4
2022-01-01,13.5,3.5,0.4,0.0,5.2
2022-01-02,15.0,7.0,-1.4,0.0,3.0
2022-01-03,11.7,10.2,7.6,0.06,0.0
2022-01-04,16.4,9.4,4.0,6.4,0.1
2022-01-05,4.0,1.9,0.4,8.46,0.0
2022-01-06,3.5,0.4,-3.3,0.39,2.1
2022-01-07,0.8,-2.1,-6.2,1.58,1.0
2022-01-08,2.7,-0.3,-4.3,0.77,0.9
2022-01-09,3.9,1.7,-0.8,3.35,0.0
2022-01-10,2.2,1.4,0.8,0.08,0.0
2022-01-11,2.6,0.9,-1.5,0.0,0.15
2022-01-12,-0.9,-2.2,-3.2,0.0,0.5
2022-01-13,2.6,-1.3,-3.7,0.0,6.68
2022-01-14,8.2,1.7,-3.2,0.0,8.12
2022-01-15,-0.2,-1.8,-5.4,0.0,0.0
2022-01-16,4.5,0.6,-1.9,0.01,5.8
2022-01-17,5.9,3.2,1.3,0.01,0.7
2022-01-18,4.6,1.4,-2.0,0.2,0.2
2022-01-19,6.3,1.0,-4.4,0.0,4.0
2022-01-20,3.7,1.1,-1.5,1.99,0.5
2022-01-21,1.4,-0.8,-3.2,0.8,3.4
2022-01-22,1.1,0.1,-1.2,3.04,0.0
2022-01-23,2.7,0.9,-2.2,0.0,0.0
2022-01-24,3.0,-1.3,-4.5,0.0,1.8
2022-01-25,2.0,-1.0,-2.0,0.0,2.3
2022-01-26,2.2,-0.4,-1.9,0.0,4.5
2022-01-27,5.3,1.1,-2.5,0.62,6.8
2022-01-28,3.4,2.1,0.5,1.77,0.2
2022-01-29,7.5,4.1,0.6,0.0,0.8
2022-01-30,8.3,4.7,0.2,0.21,5.4
2022-01-31,4.0,2.0,0.2,3.64,1.4
2022-02-01,3.0,1.3,0.1,1.61,0.0
2022-02-02,6.0,3.7,2.1,5.42,0.4
2022-02-03,9.9,5.2,0.5,0.14,2.3
2022-02-04,8.2,4.0,-0.4,0.0,1.1
2022-02-05,7.1,3.1,-0.3,0.87,6.7
2022-02-06,7.4,4.6,0.8,0.26,2.2
2022-02-07,2.7,1.5,0.4,7.18,1.0
2022-02-08,9.6,4.1,-0.7,0.0,2.5
2022-02-09,12.5,4.3,-1.8,0.0,7.9
2022-02-10,13.6,4.7,-3.8,0.0,6.1
2022-02-11,5.8,3.3,-0.8,4.36,2.2
2022-02-12,6.5,-0.2,-5.5,0.0,8.1
2022-02-13,11.4,1.4,-5.9,0.0,8.3
2022-02-14,12.2,3.8,-3.5,0.0,3.4
2022-02-15,6.4,4.6,2.8,2.6,0.0
2022-02-16,11.3,6.2,0.5,1.13,0.2
2022-02-17,12.7,10.7,7.0,1.3,1.4
2022-02-18,15.1,9.6,6.3,0.84,0.0
2022-02-19,9.1,5.6,2.7,0.0,5.2
2022-02-20,11.0,7.0,2.2,0.0,3.1
2022-02-21,10.4,5.9,1.4,1.88,1.9
2022-02-22,8.0,5.0,1.3,0.88,4.2
2022-02-23,11.1,6.2,-1.6,0.83,8.6
2022-02-24,14.5,5.9,-2.9,0.0,6.9
2022-02-25,6.9,2.6,0.6,0.33,5.8
2022-02-26,5.0,1.4,-3.0,0.13,1.8
2022-02-27,6.2,0.9,-4.5,0.0,8.4
2022-02-28,7.1,0.5,-7.1,0.0,9.4
2022-03-01,7.1,0.0,-5.4,0.0,9.4
2022-03-02,5.4,-1.3,-7.9,0.0,3.2
2022-03-03,10.0,0.6,-8.0,0.0,8.5
2022-03-04,7.1,0.0,-7.3,0.0,8.5
2022-03-05,5.4,-0.3,-5.0,0.0,6.2
2022-03-06,4.6,-0.1,-3.7,0.0,7.0
2022-03-07,2.0,-1.4,-4.0,0.0,2.2
2022-03-08,7.3,0.5,-5.5,0.0,9.4
2022-03-09,11.9,1.6,-7.7,0.0,10.4
2022-03-10,12.6,1.8,-6.4,0.0,10.3
2022-03-11,9.4,2.4,-3.4,0.0,10.4
2022-03-12,12.5,3.5,-5.4,0.0,9.9
2022-03-13,15.4,5.3,-5.1,0.0,10.5
2022-03-14,15.7,7.3,-2.1,0.0,8.8
2022-03-15,11.8,6.5,0.9,4.82,0.0
2022-03-16,11.8,7.2,4.0,0.53,3.6
2022-03-17,8.8,6.0,2.2,0.0,0.0
2022-03-18,12.5,6.8,2.3,0.01,5.5
2022-03-19,10.4,5.7,1.0,0.0,10.5
2022-03-20,14.1,6.5,-1.8,0.0,10.6
2022-03-21,14.4,5.3,-4.2,0.01,10.5
2022-03-22,16.6,6.1,-4.2,0.02,11.2
2022-03-23,19.1,7.1,-3.7,0.04,11.2
2022-03-24,19.5,8.4,-2.3,0.0,11.3
2022-03-25,18.5,9.3,-1.4,0.01,11.2
2022-03-26,18.1,9.1,-1.1,0.01,11.2
2022-03-27,19.6,8.4,-2.3,0.0,11.4
2022-03-28,20.4,9.9,-0.9,0.0,11.2
2022-03-29,18.1,11.5,2.0,0.0,3.8
2022-03-30,11.8,9.6,6.3,0.81,0.0
2022-03-31,9.9,7.3,5.7,2.43,0.0
2022-04-01,5.8,2.5,0.3,15.29,0.0
2022-04-02,0.5,-0.7,-1.6,5.5,0.0
2022-04-03,2.7,-0.4,-2.6,0.44,1.6
2022-04-04,7.7,1.8,-6.1,1.46,10.5
2022-04-05,10.1,6.4,2.3,2.99,0.0
2022-04-06,17.6,11.8,7.3,0.0,7.9
2022-04-07,15.9,11.8,7.9,4.53,4.8
2022-04-08,15.0,9.1,6.2,6.17,0.5
2022-04-09,13.1,5.1,1.7,2.5,5.7
2022-04-10,8.4,3.7,0.4,0.03,4.8
2022-04-11,14.3,6.0,-1.8,0.0,11.2
2022-04-12,20.0,10.0,-1.1,0.0,10.2
2022-04-13,20.8,11.6,1.5,0.01,10.8
2022-04-14,22.5,14.2,4.7,0.12,11.6
2022-04-15,19.8,14.0,7.8,1.98,8.2
2022-04-16,12.1,6.7,1.6,0.0,4.7
2022-04-17,11.9,5.6,-1.3,0.0,12.2
2022-04-18,14.3,6.5,-2.3,0.0,12.5
2022-04-19,15.5,7.6,1.1,0.0,4.8
2022-04-20,14.0,6.5,-0.7,0.0,12.6
2022-04-21,16.1,8.6,-0.2,0.0,9.7
2022-04-22,16.4,9.7,3.3,0.03,8.2
2022-04-23,15.0,9.8,6.9,0.0,1.9
2022-04-24,13.1,9.6,7.4,3.47,0.5
2022-04-25,16.1,10.1,7.5,1.72,4.4
2022-04-26,11.9,8.3,4.7,8.46,1.8
2022-04-27,14.5,8.4,2.9,0.02,5.1
2022-04-28,17.3,9.8,1.0,0.02,12.3
2022-04-29,18.8,10.8,0.6,0.0,11.2
2022-04-30,13.8,9.8,4.5,0.69,1.5
2022-05-01,13.1,9.1,4.5,0.44,0.2
2022-05-02,18.1,10.9,2.0,4.29,9.1
2022-05-03,20.7,13.6,7.1,0.79,9.2
2022-05-04,20.5,13.3,9.5,6.34,5.1
2022-05-05,20.1,14.4,8.1,0.12,6.3
2022-05-06,14.0,11.8,10.2,10.76,0.0
2022-05-07,16.0,12.3,10.9,3.29,0.2
2022-05-08,17.6,13.4,9.8,0.52,0.1
2022-05-09,22.2,14.8,6.9,0.04,11.3
2022-05-10,24.6,16.0,6.8,0.09,12.0
2022-05-11,26.9,22.5,10.6,0.02,13.4
2022-05-12,26.4,20.7,14.6,8.81,9.8
2022-05-13,20.1,15.8,10.5,13.62,3.8
2022-05-14,22.7,15.7,8.7,0.03,12.9
2022-05-15,24.8,16.6,7.0,0.01,13.4
2022-05-16,24.0,16.0,9.7,12.55,4.7
2022-05-17,23.4,17.2,11.1,0.04,10.3
2022-05-18,24.0,17.4,9.2,0.01,13.6
2022-05-19,29.2,20.1,8.9,1.18,11.6
2022-05-20,31.3,23.2,13.5,0.02,11.9
2022-05-21,22.7,18.1,10.4,3.54,13.0
2022-05-22,23.9,17.2,8.8,0.0,12.0
2022-05-23,26.1,17.8,13.7,16.9,6.0
2022-05-24,15.2,13.9,12.1,13.7,0.0
2022-05-25,19.5,14.2,10.5,5.81,5.0
2022-05-26,21.0,15.4,9.1,0.26,11.5
2022-05-27,22.1,16.0,9.4,2.25,8.9
2022-05-28,16.7,12.1,5.3,0.06,9.7
2022-05-29,13.7,8.3,3.1,1.95,3.8
2022-05-30,18.0,10.5,2.4,0.28,11.2
2022-05-31,22.9,14.2,5.8,0.1,7.9
2022-06-01,23.3,16.0,9.8,1.18,7.3
2022-06-02,23.4,16.8,9.7,0.02,7.9
2022-06-03,26.2,18.0,9.8,12.97,7.1
2022-06-04,25.9,19.6,12.0,0.24,11.0
2022-06-05,23.5,17.8,14.0,9.5,2.8
2022-06-06,24.5,18.4,11.2,0.12,8.8
2022-06-07,18.7,15.4,13.0,13.71,1.1
2022-06-08,23.4,17.5,12.6,5.51,11.0
2022-06-09,18.9,14.4,12.2,5.12,2.3
2022-06-10,22.8,16.0,11.1,0.01,10.4
2022-06-11,25.1,17.7,8.7,0.02,13.5
2022-06-12,28.2,20.2,10.4,0.02,14.3
2022-06-13,22.5,17.7,10.9,10.5,9.6
2022-06-14,23.5,16.8,8.4,0.03,14.3
2022-06-15,28.5,19.2,8.4,0.0,13.6
2022-06-16,28.2,21.0,13.4,0.04,11.9
2022-06-17,25.9,19.3,11.5,0.0,13.8
2022-06-18,31.0,22.5,11.2,0.0,13.8
2022-06-19,33.9,25.6,15.4,0.0,13.9
2022-06-20,30.3,22.9,16.8,0.69,8.1
2022-06-21,24.9,18.6,12.9,1.16,8.4
2022-06-22,21.3,18.8,15.0,8.54,0.6
2022-06-23,27.5,22.7,17.6,0.22,13.3
2022-06-24,24.7,18.7,14.1,18.64,2.6
2022-06-25,25.1,18.8,14.1,1.07,10.4
2022-06-26,28.4,21.6,13.3,0.0,13.0
2022-06-27,30.0,16.5,14.9,10.23,12.2
2022-06-28,21.9,18.5,15.6,0.52,3.4
2022-06-29,24.8,19.6,15.5,0.01,4.2
2022-06-30,28.9,21.2,14.7,0.12,10.2
2022-07-01,18.6,14.9,9.2,1.91,0.8
2022-07-02,23.9,16.1,7.9,0.01,11.6
2022-07-03,30.0,21.6,11.4,0.0,14.3
2022-07-04,26.5,21.8,17.4,11.26,5.03
2022-07-05,26.4,20.7,13.7,0.39,12.1
2022-07-06,25.7,19.6,12.9,0.02,13.1
2022-07-07,19.6,15.7,13.4,3.24,0.2
2022-07-08,19.5,16.1,10.1,0.0,9.6
2022-07-09,23.7,17.5,8.9,0.03,3.8
2022-07-10,20.4,15.9,8.8,0.53,9.3
2022-07-11,21.8,15.6,7.9,0.0,1.8
2022-07-12,25.4,18.7,11.8,0.0,12.9
2022-07-13,29.9,23.6,10.7,0.0,9.7
2022-07-14,33.5,25.3,16.7,0.31,11.3
2022-07-15,26.0,20.8,15.5,0.53,12.5
2022-07-16,25.9,19.2,11.4,0.0,14.0
2022-07-17,27.3,18.9,9.1,0.0,14.1
2022-07-18,29.6,20.8,9.9,0.0,13.2
2022-07-19,32.1,22.6,11.3,0.0,14.0
2022-07-20,35.6,25.5,12.8,0.0,11.5
2022-07-21,25.3,20.7,17.0,1.08,2.7
2022-07-22,31.4,23.6,13.8,0.01,13.7
2022-07-23,27.2,21.8,17.0,5.61,3.7
2022-07-24,30.2,23.6,16.9,0.0,12.7
2022-07-25,34.9,25.3,14.3,14.39,12.9
2022-07-26,24.6,20.0,16.5,4.98,3.0
2022-07-27,25.3,20.3,14.4,0.0,6.1
2022-07-28,27.4,20.8,13.5,0.0,13.0
2022-07-29,27.6,20.8,15.5,8.52,7.0
2022-07-30,25.8,20.1,14.4,2.45,8.8
2022-07-31,27.8,20.9,13.3,0.01,6.0
2022-08-01,27.8,21.9,17.1,0.5,6.9
2022-08-02,29.0,21.3,15.6,0.04,9.3
2022-08-03,31.4,22.9,13.0,0.0,13.6
2022-08-04,33.8,24.4,13.5,0.02,13.3
2022-08-05,31.9,24.5,16.1,7.05,9.3
2022-08-06,19.9,17.3,14.3,5.01,0.0
2022-08-07,23.6,18.4,13.4,0.05,8.6
2022-08-08,25.5,20.9,11.6,0.0,12.0
2022-08-09,26.6,21.6,10.9,0.0,13.0
2022-08-10,26.6,19.0,13.1,0.0,13.1
2022-08-11,27.1,20.3,12.2,0.0,13.0
2022-08-12,26.1,18.8,10.6,0.24,11.1
2022-08-13,26.7,18.5,9.6,0.01,10.1
2022-08-14,30.0,20.7,10.5,0.0,12.6
2022-08-15,28.5,20.1,16.2,0.0,6.2
2022-08-16,29.4,21.7,14.0,0.0,11.5
2022-08-17,32.0,22.9,12.2,3.32,10.6
2022-08-18,26.4,20.6,15.5,1.88,5.7
2022-08-19,21.8,18.5,16.5,9.71,1.5
2022-08-20,20.4,16.9,15.0,45.59,0.2
2022-08-21,25.1,18.5,12.7,0.13,10.8
2022-08-22,24.5,17.2,10.6,0.0,11.9
2022-08-23,25.9,17.3,8.7,0.0,12.4
2022-08-24,25.9,19.5,9.2,0.05,10.9
2022-08-25,28.1,20.5,13.4,0.0,9.6
2022-08-26,28.2,20.7,14.8,0.76,6.0
2022-08-27,25.0,19.6,16.8,9.6,3.6
2022-08-28,22.4,17.9,15.0,6.97,0.9
2022-08-29,25.5,18.1,12.0,0.0,10.2
2022-08-30,26.5,19.4,11.3,0.0,11.4
2022-08-31,19.9,16.3,14.4,3.24,0.1
2022-09-01,21.7,15.8,10.4,0.08,6.2
2022-09-02,21.8,15.3,8.8,0.04,11.8
2022-09-03,23.8,15.1,9.9,4.06,3.9
2022-09-04,25.3,17.4,10.8,0.0,10.3
2022-09-05,26.8,18.0,10.0,0.0,10.9
2022-09-06,27.7,22.1,11.2,0.0,7.2
2022-09-07,28.2,20.3,14.8,1.11,9.3
2022-09-08,21.9,16.7,12.3,4.54,3.4
2022-09-09,20.1,14.8,11.4,0.63,1.7
2022-09-10,18.4,14.0,11.4,10.02,1.8
2022-09-11,19.1,14.4,10.0,2.84,1.6
2022-09-12,22.5,14.4,7.0,0.0,11.4
2022-09-13,26.2,17.0,7.5,0.01,7.7
2022-09-14,26.7,19.4,15.3,2.34,3.6
2022-09-15,22.2,17.0,12.3,3.4,2.3
2022-09-16,14.0,11.9,9.6,6.13,0.3
2022-09-17,13.3,9.1,6.8,2.4,3.2
2022-09-18,12.8,9.7,6.8,1.11,0.2
2022-09-19,13.5,9.4,5.9,4.61,2.4
2022-09-20,14.9,9.6,4.8,0.69,3.3
2022-09-21,16.1,8.5,1.7,0.0,9.8
2022-09-22,16.5,7.9,1.1,0.0,10.0
2022-09-23,18.5,9.1,0.0,0.0,10.2
2022-09-24,14.9,11.5,6.7,1.84,0.2
2022-09-25,16.0,12.0,10.1,1.15,0.7
2022-09-26,15.8,11.8,9.6,2.3,4.2
2022-09-27,12.2,9.4,7.1,13.44,3.1
2022-09-28,9.6,8.1,6.5,7.8,0.0
2022-09-29,10.7,8.1,6.3,2.75,0.0
2022-09-30,13.7,9.9,6.4,0.02,0.7
2022-10-01,12.9,10.4,6.1,6.52,0.4
2022-10-02,18.7,12.4,10.1,23.79,0.5
2022-10-03,15.0,9.4,3.7,0.15,3.8
2022-10-04,16.9,8.4,1.6,0.0,8.1
2022-10-05,23.0,12.6,3.1,0.0,8.7
2022-10-06,20.8,13.3,6.8,0.0,7.3
2022-10-07,17.0,11.7,7.3,0.0,4.3
2022-10-08,17.0,11.1,6.5,1.2,0.8
2022-10-09,13.9,8.8,3.7,0.0,0.0
2022-10-10,18.7,12.3,5.1,0.06,2.5
2022-10-11,17.3,13.4,8.6,0.08,0.5
2022-10-12,14.2,11.1,6.5,0.0,0.0
2022-10-13,16.0,10.6,4.4,1.89,0.9
2022-10-14,18.3,13.7,10.9,2.96,4.1
2022-10-15,20.1,14.9,11.8,16.11,2.4
2022-10-16,25.4,13.8,9.9,0.03,7.6
2022-10-17,24.4,14.1,7.2,0.0,8.0
2022-10-18,23.0,14.3,7.8,0.07,5.1
2022-10-19,17.7,13.3,9.0,0.01,1.3
2022-10-20,16.1,12.6,8.2,0.0,3.3
2022-10-21,16.0,12.8,9.7,1.2,0.0
2022-10-22,18.7,13.1,9.0,6.82,3.2
2022-10-23,20.2,12.7,5.8,0.19,6.3
2022-10-24,17.0,13.3,9.5,15.35,0.0
2022-10-25,18.9,12.1,7.1,0.02,7.1
2022-10-26,19.4,13.3,7.2,0.28,0.8
2022-10-27,21.6,12.4,5.4,0.0,7.7
2022-10-28,24.3,14.0,6.7,0.0,5.1
2022-10-29,24.8,14.7,8.9,0.0,5.0
2022-10-30,23.1,12.7,6.0,0.0,6.7
2022-10-31,18.9,11.0,5.2,0.0,4.7
2022-11-01,18.0,11.0,4.6,0.0,1.2
2022-11-02,15.4,9.4,3.1,0.0,3.1
2022-11-03,10.3,6.4,2.1,0.0,1.4
2022-11-04,11.4,7.2,2.8,5.53,0.1
2022-11-05,9.9,6.7,3.4,2.26,0.2
2022-11-06,10.4,5.0,-0.3,0.01,4.0
2022-11-07,15.7,9.4,3.6,0.15,6.5
2022-11-08,16.3,6.7,-0.3,0.0,6.7
2022-11-09,17.0,8.7,1.8,2.21,2.7
2022-11-10,13.8,8.9,2.3,4.72,5.4
2022-11-11,11.9,4.6,-0.3,0.0,5.3
2022-11-12,5.7,3.3,1.1,0.07,0.6
2022-11-13,11.9,4.0,0.2,0.04,0.0
2022-11-14,8.8,4.2,1.7,0.13,0.0
2022-11-15,14.3,5.9,-0.4,0.0,0.0
2022-11-16,10.7,5.4,0.5,2.32,0.0
2022-11-17,13.4,6.0,0.0,3.08,0.0
2022-11-18,8.7,6.6,4.4,11.86,0.0
2022-11-19,9.0,6.1,4.3,2.17,0.0
2022-11-20,8.0,5.2,2.3,2.23,0.0
2022-11-21,8.2,2.1,0.1,2.7,0.5
2022-11-22,6.9,4.5,0.3,2.53,0.1
2022-11-23,9.7,4.2,0.4,5.21,3.0
2022-11-24,9.1,5.8,0.1,1.57,0.8
2022-11-25,10.5,5.7,-1.0,3.86,3.5
2022-11-26,7.5,4.0,-1.6,0.01,0.8
2022-11-27,0.9,-0.4,-4.3,0.0,1.9
2022-11-28,4.9,4.0,0.2,0.82,0.7
2022-11-29,5.2,3.9,1.8,4.08,0.0
2022-11-30,3.8,2.1,0.4,0.0,0.0
2022-12-01,2.6,2.2,0.2,0.0,0.0
2022-12-02,2.8,1.0,0.3,1.46,0.0
2022-12-03,0.4,-0.4,-0.9,0.0,0.0
2022-12-04,2.6,1.0,-0.7,0.0,0.0
2022-12-05,4.3,2.9,0.5,3.23,0.0
2022-12-06,3.8,2.1,-0.8,0.0,0.2
2022-12-07,4.7,1.7,0.3,0.0,0.3
2022-12-08,3.5,0.5,-3.2,0.0,0.1
2022-12-09,0.2,-0.9,-3.2,0.46,0.0
2022-12-10,0.3,-0.4,-1.7,2.63,0.0
2022-12-11,-0.5,-2.8,-4.8,0.7,0.5
2022-12-12,-1.2,-5.4,-11.6,0.0,4.0
2022-12-13,-6.0,-8.9,-13.6,0.01,0.5
2022-12-14,0.0,-1.1,-6.8,8.98,0.0
2022-12-15,0.1,-1.8,-2.9,4.82,0.0
2022-12-16,0.1,-2.0,-3.5,6.28,0.0
2022-12-17,-3.1,-5.6,-10.0,0.0,2.4
2022-12-18,-5.4,-6.4,-7.0,0.0,0.0
2022-12-19,0.7,-3.5,-7.1,0.0,0.0
2022-12-20,2.3,-0.7,-4.0,0.0,0.0
2022-12-21,8.2,3.2,0.3,1.09,0.0
2022-12-22,11.5,8.3,2.3,3.09,0.7
2022-12-23,12.5,10.2,6.9,13.0,0.0
2022-12-24,11.4,9.2,5.9,2.52,0.9
2022-12-25,13.4,7.8,3.3,0.07,2.9
2022-12-26,15.1,8.3,3.6,8.01,1.9
2022-12-27,7.3,3.1,-1.4,0.09,4.0
2022-12-28,9.7,3.0,-2.1,0.0,0.8
2022-12-29,14.4,8.1,1.1,0.1,1.3
2022-12-30,10.4,6.7,2.5,3.71,4.6
2022-12-31,17.4,12.5,5.3,0.0,0.9
2023-01-01,18.7,9.0,3.1,0.0,4.7
2023-01-02,13.2,6.8,-0.1,0.0,2.8
2023-01-03,9.6,5.7,-0.7,0.72,0.0
2023-01-04,10.8,6.0,-1.3,0.05,1.7
2023-01-05,10.6,8.8,5.3,5.95,0.0
2023-01-06,11.1,7.1,1.3,0.01,3.9
2023-01-07,10.6,5.2,-1.5,0.0,5.3
2023-01-08,7.9,2.2,-2.3,0.0,0.8
2023-01-09,7.1,4.9,2.5,0.23,0.0
2023-01-10,5.0,2.6,-1.8,2.26,0.0
2023-01-11,11.3,5.8,-0.1,3.7,0.2
2023-01-12,9.0,6.4,2.9,0.0,0.2
2023-01-13,12.5,7.8,3.7,0.96,1.0
2023-01-14,10.4,6.1,1.9,0.16,1.2
2023-01-15,13.2,5.9,1.1,2.19,0.0
2023-01-16,6.3,2.4,-2.0,0.05,2.5
2023-01-17,4.8,1.7,-1.2,0.0,2.9
2023-01-18,3.5,0.4,-2.5,0.15,0.7
2023-01-19,1.0,-1.2,-3.4,0.09,1.4
2023-01-20,-0.1,-1.7,-3.4,0.72,0.0
2023-01-21,-1.5,-2.6,-5.5,1.64,0.0
2023-01-22,-1.0,-3.1,-5.7,0.72,0.0
2023-01-23,0.6,-1.6,-6.8,0.02,0.0
2023-01-24,2.0,1.0,0.1,0.0,0.0
2023-01-25,0.7,-0.4,-1.5,0.0,0.0
2023-01-26,-1.2,-1.5,-1.9,0.07,0.0
2023-01-27,-0.4,-1.3,-2.1,0.07,0.0
2023-01-28,0.7,-1.1,-2.4,0.84,0.0
2023-01-29,-0.1,-1.0,-3.1,0.0,0.0
2023-01-30,3.9,0.3,-4.3,0.05,1.5
2023-01-31,4.0,2.7,0.9,0.01,1.9
2023-02-01,5.2,4.0,2.8,0.01,0.0
2023-02-02,4.6,3.8,2.9,5.37,0.0
2023-02-03,7.2,5.3,3.9,2.71,0.0
2023-02-04,5.9,2.4,-2.5,1.83,0.6
2023-02-05,6.3,-0.6,-5.2,0.89,2.9
2023-02-06,1.4,-2.0,-5.6,0.01,3.0
2023-02-07,2.4,-1.5,-7.1,0.0,6.8
2023-02-08,0.6,-3.6,-7.0,0.0,7.5
2023-02-09,5.4,-3.4,-10.5,0.0,6.5
2023-02-10,5.8,-1.7,-6.9,0.04,5.7
2023-02-11,7.8,1.0,-6.3,0.0,1.3
2023-02-12,8.6,3.7,0.8,0.25,2.5
2023-02-13,2.3,0.5,-0.8,0.0,0.0
2023-02-14,0.4,-1.1,-2.4,0.0,0.0
2023-02-15,1.2,-1.4,-3.0,0.0,0.0
2023-02-16,14.2,7.9,-4.6,0.0,7.5
2023-02-17,14.9,11.0,7.5,0.0,1.5
2023-02-18,14.5,11.9,9.8,0.0,4.3
2023-02-19,11.3,9.2,7.4,0.44,1.6
2023-02-20,15.6,9.3,5.1,0.0,7.2
2023-02-21,16.8,8.1,0.7,0.0,8.7
2023-02-22,16.6,7.2,-1.1,0.0,7.2
2023-02-23,12.3,7.3,2.7,0.0,0.3
2023-02-24,10.2,6.2,1.6,8.25,0.2
2023-02-25,6.4,1.7,-1.7,10.04,2.6
2023-02-26,2.9,-1.7,-5.9,0.46,2.2
2023-02-27,0.9,-1.4,-2.8,0.0,1.2
2023-02-28,4.2,1.5,-3.9,0.0,5.6
2023-03-01,7.6,2.3,-1.9,0.0,6.2
2023-03-02,12.4,3.9,-1.9,0.0,9.3
2023-03-03,9.0,4.3,-1.5,0.0,4.0
2023-03-04,6.4,1.0,-1.8,0.0,9.3
2023-03-05,2.9,1.1,-1.1,0.0,0.0
2023-03-06,4.2,1.7,-1.2,0.0,0.0
2023-03-07,8.3,4.1,0.7,0.0,8.6
2023-03-08,12.7,6.6,0.3,1.11,0.9
2023-03-09,14.7,10.0,3.8,2.68,5.2
2023-03-10,13.8,7.8,2.1,1.71,1.9
2023-03-11,4.9,1.5,-2.2,0.0,6.9
2023-03-12,10.4,3.7,-2.8,0.71,0.6
2023-03-13,20.6,10.8,3.1,0.09,6.4
2023-03-14,13.3,8.3,3.8,4.2,0.2
2023-03-15,7.1,2.6,-0.8,4.81,0.0
2023-03-16,10.2,3.0,-3.4,0.0,6.6
2023-03-17,16.2,6.8,-1.9,0.0,9.1
2023-03-18,19.0,8.6,0.2,0.02,6.2
2023-03-19,14.4,8.4,2.1,3.02,2.0
2023-03-20,14.3,9.1,4.6,0.04,2.8
2023-03-21,16.2,10.2,5.1,0.0,4.0
2023-03-22,20.0,12.0,4.3,0.0,10.2
2023-03-23,18.9,12.6,5.3,0.05,0.4
2023-03-24,15.6,11.5,9.1,3.05,0.1
2023-03-25,12.6,9.1,7.1,1.36,4.2
2023-03-26,10.3,6.7,4.6,3.65,0.3
2023-03-27,5.8,2.9,-0.3,4.1,2.2
2023-03-28,7.6,2.3,-1.3,0.0,0.0
2023-03-29,15.6,8.4,1.2,0.38,0.9
2023-03-30,15.7,10.9,6.1,11.04,1.5
2023-03-31,15.3,9.6,6.1,7.19,3.0
2023-04-01,11.9,8.7,7.0,1.24,1.6
2023-04-02,10.7,6.8,1.7,2.56,0.3
2023-04-03,8.1,2.9,-0.7,0.0,2.8
2023-04-04,6.4,0.4,-4.1,0.0,5.1
2023-04-05,8.5,1.3,-5.4,0.02,10.6
2023-04-06,12.5,3.6,-5.1,0.0,9.9
2023-04-07,12.6,6.6,-0.3,0.0,1.7
2023-04-08,6.1,4.5,1.2,0.28,0.0
2023-04-09,11.9,5.9,0.3,0.0,7.5
2023-04-10,15.4,7.1,-2.5,0.0,10.7
2023-04-11,13.0,8.9,2.4,1.4,2.9
2023-04-12,14.2,8.4,2.2,15.91,1.4
2023-04-13,10.6,6.9,4.3,2.54,2.1
2023-04-14,10.0,5.5,3.5,11.59,0.7
2023-04-15,8.8,6.3,4.6,1.05,0.0
2023-04-16,10.4,6.6,3.1,1.07,0.4
2023-04-17,14.6,8.0,3.4,0.86,2.3
2023-04-18,11.5,8.3,5.1,0.01,0.6
2023-04-19,11.2,6.8,3.2,9.51,0.8
2023-04-20,9.5,5.7,3.2,0.38,0.0
2023-04-21,20.0,11.9,5.5,0.01,10.6
2023-04-22,22.9,14.1,3.2,0.0,11.1
2023-04-23,18.7,12.9,9.6,8.53,3.0
2023-04-24,13.9,9.8,4.2,1.74,4.0
2023-04-25,12.7,6.8,4.8,5.5,2.1
2023-04-26,12.7,7.3,3.8,0.38,3.9
2023-04-27,16.1,9.1,1.5,0.0,3.8
2023-04-28,13.7,10.1,5.4,31.89,0.0
2023-04-29,18.6,13.3,8.3,0.31,9.2
2023-04-30,17.5,12.3,8.6,0.06,6.0
2023-05-01,12.8,9.7,5.2,5.24,1.1
2023-05-02,15.3,9.7,4.4,7.5,0.7
2023-05-03,18.3,10.1,3.3,0.07,5.8
2023-05-04,20.8,12.7,4.7,0.01,12.3
2023-05-05,23.8,15.1,4.7,10.85,9.7
2023-05-06,20.9,14.3,9.5,0.07,5.5
2023-05-07,21.9,16.2,8.5,0.0,8.7
2023-05-08,17.0,13.1,8.6,0.0,2.3
2023-05-09,21.2,14.3,6.1,2.44,11.6
2023-05-10,16.1,12.0,8.9,15.77,0.7
2023-05-11,9.8,9.0,8.1,25.88,0.0
2023-05-12,13.8,10.9,8.9,0.26,0.0
2023-05-13,14.5,11.0,8.6,0.0,0.1
2023-05-14,17.9,11.2,9.0,0.15,3.0
2023-05-15,17.3,12.5,8.9,5.61,4.7
2023-05-16,12.9,10.5,8.7,10.91,0.0
2023-05-17,14.4,9.6,4.2,0.02,9.5
2023-05-18,14.3,9.7,3.6,0.0,4.8
2023-05-19,17.0,11.8,5.5,0.01,3.7
2023-05-20,22.6,16.3,9.6,0.08,7.4
2023-05-21,27.4,22.6,12.0,0.03,6.1
2023-05-22,28.4,18.6,8.6,0.01,13.0
2023-05-23,22.1,17.4,12.8,0.0,6.2
2023-05-24,18.4,13.2,10.7,0.1,2.3
2023-05-25,22.8,15.4,10.2,0.02,7.1
2023-05-26,24.2,17.3,8.3,0.0,12.8
2023-05-27,22.8,16.7,9.9,0.0,13.7
2023-05-28,23.7,16.1,8.2,0.01,13.8
2023-05-29,24.2,16.6,6.8,0.04,13.8
2023-05-30,24.5,17.4,9.4,0.0,11.3
2023-05-31,24.4,17.6,7.6,0.0,14.1
2023-06-01,26.8,18.6,8.7,0.0,11.9
2023-06-02,25.8,18.3,8.6,0.02,14.2
2023-06-03,23.8,17.4,10.8,0.01,12.4
2023-06-04,24.7,17.5,7.9,0.01,10.4
2023-06-05,23.5,18.0,13.2,0.0,7.2
2023-06-06,23.4,16.2,10.3,0.0,7.0
2023-06-07,25.7,17.4,8.6,0.0,13.2
2023-06-08,27.2,18.0,8.5,9.69,10.3
2023-06-09,26.3,19.9,11.7,0.06,13.8
2023-06-10,25.4,16.5,10.8,0.01,9.0
2023-06-11,26.0,19.7,12.3,0.01,13.7
2023-06-12,25.1,19.1,10.9,0.01,14.3
2023-06-13,24.0,16.8,8.4,0.0,14.4
2023-06-14,24.2,16.5,5.6,0.0,11.4
2023-06-15,25.1,12.9,9.4,0.02,8.8
2023-06-16,25.6,17.7,8.4,0.3,10.1
2023-06-17,27.0,18.9,8.4,0.0,13.2
2023-06-18,29.9,20.8,9.7,0.0,12.3
2023-06-19,30.3,23.2,14.6,0.25,8.1
2023-06-20,32.3,24.1,15.4,8.62,10.8
2023-06-21,28.9,22.9,16.6,0.0,11.8
2023-06-22,34.4,24.1,17.6,7.39,11.7
2023-06-23,23.7,18.3,15.3,1.87,2.6
2023-06-24,25.9,19.3,12.1,0.0,8.1
2023-06-25,28.9,19.9,9.9,0.0,14.4
2023-06-26,31.6,22.4,10.8,0.01,10.6
2023-06-27,22.3,18.9,15.7,0.11,5.5
2023-06-28,24.1,17.4,11.4,2.28,8.6
2023-06-29,29.0,20.3,9.1,0.0,13.2
2023-06-30,24.7,19.3,16.2,4.7,1.4
2023-07-01,25.3,19.3,14.6,1.18,4.7
2023-07-02,24.4,18.5,13.8,2.01,4.6
2023-07-03,24.8,19.7,14.0,0.0,6.1
2023-07-04,27.3,16.8,14.1,0.38,4.5
2023-07-05,24.5,17.9,11.6,3.02,4.2
2023-07-06,26.2,18.2,9.5,0.0,10.9
2023-07-07,29.5,20.7,10.7,0.0,14.3
2023-07-08,32.2,21.6,12.0,0.0,9.8
2023-07-09,33.9,24.9,13.7,0.0,13.6
2023-07-10,31.4,23.8,15.0,0.01,7.2
2023-07-11,36.4,26.4,15.1,4.42,14.0
2023-07-12,29.9,20.9,17.3,10.01,4.1
2023-07-13,25.5,19.8,16.2,7.32,6.5
2023-07-14,28.8,21.3,12.5,0.0,12.0
2023-07-15,36.6,26.4,14.2,0.0,13.5
2023-07-16,27.2,22.2,18.2,0.86,4.7
2023-07-17,29.5,22.6,17.2,1.93,8.6
2023-07-18,29.3,22.7,15.4,0.67,9.1
2023-07-19,29.7,23.4,16.9,0.0,11.9
2023-07-20,26.1,20.7,13.2,0.0,7.9
2023-07-21,26.9,18.0,12.1,2.34,3.8
2023-07-22,26.8,19.0,11.1,0.0,10.7
2023-07-23,29.7,21.5,11.3,0.0,9.3
2023-07-24,27.2,19.5,14.5,4.36,3.7
2023-07-25,21.4,16.3,12.4,6.97,1.7
2023-07-26,19.5,13.0,9.4,7.61,3.2
2023-07-27,23.4,16.0,7.5,0.02,2.9
2023-07-28,25.9,19.6,13.1,1.84,3.8
2023-07-29,26.0,18.6,13.5,5.18,3.5
2023-07-30,24.8,20.0,15.1,11.2,9.6
2023-07-31,25.0,18.7,12.4,0.1,5.5
2023-08-01,21.0,17.8,15.4,5.22,3.5
2023-08-02,27.0,18.2,11.1,5.77,4.5
2023-08-03,25.2,19.7,14.5,1.95,11.0
2023-08-04,22.5,16.9,14.1,1.08,1.1
2023-08-05,19.0,15.2,14.0,25.96,0.0
2023-08-06,18.0,13.8,11.4,12.89,1.2
2023-08-07,18.6,13.3,9.7,3.31,1.5
2023-08-08,23.0,16.7,10.3,0.0,9.1
2023-08-09,20.1,15.4,12.7,12.69,0.4
2023-08-10,25.2,17.5,10.7,0.05,13.1
2023-08-11,29.9,19.8,9.0,0.01,12.6
2023-08-12,31.2,21.9,11.7,0.0,8.7
2023-08-13,30.9,22.8,16.2,16.58,8.9
2023-08-14,32.9,19.9,16.0,0.09,9.9
2023-08-15,31.2,21.7,17.5,3.04,6.3
2023-08-16,29.5,22.5,15.9,0.03,12.0
2023-08-17,30.7,22.3,15.4,0.0,10.0
2023-08-18,30.8,22.1,14.6,0.0,11.6
2023-08-19,32.9,23.3,13.5,0.0,12.5
2023-08-20,33.2,24.6,16.1,0.0,12.4
2023-08-21,33.8,24.7,15.4,0.0,12.3
2023-08-22,32.9,25.4,17.0,0.0,11.9
2023-08-23,31.1,25.1,19.3,0.0,10.0
2023-08-24,32.8,18.3,16.4,11.64,10.2
2023-08-25,28.6,22.4,18.6,2.95,4.6
2023-08-26,26.8,19.5,15.4,21.79,4.1
2023-08-27,16.6,15.4,14.1,26.31,0.0
2023-08-28,16.1,13.4,11.3,40.97,0.1
2023-08-29,14.1,11.9,10.2,19.92,0.0
2023-08-30,19.6,14.2,11.7,2.91,2.2
2023-08-31,19.5,14.5,11.3,0.2,1.6
2023-09-01,24.7,17.7,12.9,2.16,5.2
2023-09-02,27.1,18.9,11.0,0.0,11.4
2023-09-03,24.7,17.8,12.1,0.0,7.7
2023-09-04,25.4,18.2,11.6,0.03,11.8
2023-09-05,24.9,17.4,10.5,0.0,11.8
2023-09-06,27.1,17.1,8.3,0.01,11.7
2023-09-07,26.9,17.8,9.3,0.0,11.6
2023-09-08,28.6,18.8,9.3,0.0,11.6
2023-09-09,29.6,20.2,11.5,0.0,11.6
2023-09-10,30.0,21.3,13.5,0.0,11.5
2023-09-11,30.9,21.5,12.9,0.0,11.1
2023-09-12,30.4,21.4,12.9,0.0,9.8
2023-09-13,23.7,18.3,15.9,16.47,0.8
2023-09-14,23.0,17.4,14.3,0.03,5.8
2023-09-15,24.2,17.3,11.5,0.0,8.2
2023-09-16,26.6,17.8,10.1,0.0,10.9
2023-09-17,28.0,19.3,11.7,0.0,8.9
2023-09-18,23.0,16.7,12.6,1.57,2.5
2023-09-19,22.7,17.8,11.6,0.01,7.0
2023-09-20,25.3,16.9,9.1,0.0,10.6
2023-09-21,28.1,18.9,10.5,0.0,9.5
2023-09-22,18.3,10.7,10.6,11.8,0.0
2023-09-23,16.4,12.4,10.7,0.26,0.6
2023-09-24,20.1,11.9,5.6,0.0,9.2
2023-09-25,21.4,15.3,6.0,0.0,10.3
2023-09-26,24.0,13.5,6.5,0.0,6.9
2023-09-27,24.3,15.3,7.8,0.0,10.4
2023-09-28,27.9,16.7,9.9,0.0,10.2
2023-09-29,27.5,17.8,7.2,0.0,9.6
2023-09-30,20.0,15.2,8.9,0.0,3.0
2023-10-01,24.5,14.6,6.5,0.0,10.1
2023-10-02,27.4,15.9,7.2,0.01,9.8
2023-10-03,27.8,18.1,8.4,0.01,9.6
2023-10-04,19.3,12.3,5.4,0.0,9.4
2023-10-05,18.3,10.6,3.7,0.0,0.7
2023-10-06,21.9,11.2,3.3,0.0,8.8
2023-10-07,20.7,17.8,5.6,0.0,4.7
2023-10-08,20.0,17.0,11.7,0.0,0.0
2023-10-09,22.2,16.0,9.2,0.31,0.7
2023-10-10,25.4,18.1,8.9,0.01,7.7
2023-10-11,26.2,15.6,7.6,0.0,7.8
2023-10-12,25.2,21.7,9.6,0.0,4.2
2023-10-13,29.5,20.9,10.0,0.0,8.0
2023-10-14,21.2,15.4,9.0,5.49,0.4
2023-10-15,10.7,6.9,0.8,1.29,1.2
2023-10-16,11.8,5.8,-2.0,0.02,6.9
2023-10-17,9.7,3.8,-1.6,0.01,0.6
2023-10-18,12.6,9.8,0.4,0.62,3.9
2023-10-19,17.7,13.0,5.7,0.1,0.5
2023-10-20,21.1,13.5,9.5,0.02,1.3
2023-10-21,19.7,12.6,7.6,2.37,5.1
2023-10-22,17.7,11.2,6.2,0.01,6.2
2023-10-23,15.8,9.7,2.9,0.0,2.7
2023-10-24,11.6,9.9,6.6,2.64,0.0
2023-10-25,18.4,11.6,6.8,1.36,6.1
2023-10-26,14.7,11.8,9.3,3.89,0.0
2023-10-27,14.5,10.0,5.9,12.66,2.4
2023-10-28,17.4,11.3,6.1,0.49,6.5
2023-10-29,21.4,11.0,4.1,0.0,4.2
2023-10-30,15.3,10.4,4.6,4.61,2.6
2023-10-31,12.0,9.9,8.7,7.37,0.0
2023-11-01,16.5,10.1,4.3,0.0,6.4
2023-11-02,9.8,6.8,3.4,14.97,0.0
2023-11-03,7.2,6.1,4.5,1.81,0.0
2023-11-04,10.8,6.4,1.4,1.8,5.0
2023-11-05,14.0,9.6,4.7,0.05,2.6
2023-11-06,14.8,10.5,7.7,1.06,5.5
2023-11-07,11.7,7.6,4.6,1.34,0.3
2023-11-08,12.1,6.1,0.4,0.0,2.6
2023-11-09,13.7,5.2,-2.5,0.04,4.7
2023-11-10,10.3,5.9,1.7,0.19,1.3
2023-11-11,9.0,5.0,1.1,1.54,1.6
2023-11-12,9.4,3.8,-1.2,9.15,2.7
2023-11-13,15.2,9.7,3.6,17.68,0.0
2023-11-14,14.6,9.9,7.1,13.79,0.0
2023-11-15,10.7,8.4,5.6,3.47,0.6
2023-11-16,10.9,6.8,3.8,20.59,2.2
2023-11-17,6.8,4.5,2.7,12.0,0.6
2023-11-18,9.4,5.2,3.4,5.17,1.7
2023-11-19,14.6,10.2,3.7,15.04,0.8
2023-11-20,13.2,9.0,6.0,0.09,4.2
2023-11-21,9.4,6.6,4.8,6.05,0.6
2023-11-22,5.9,2.5,1.6,0.7,0.0
2023-11-23,7.4,3.2,0.2,0.02,4.0
2023-11-24,6.8,3.0,0.2,9.09,0.0
2023-11-25,2.1,0.6,-1.0,2.4,1.3
2023-11-26,2.5,0.7,-0.7,0.96,0.2
2023-11-27,6.2,2.7,-0.8,7.07,0.9
2023-11-28,4.0,1.4,-1.3,9.77,0.0
2023-11-29,4.5,-0.7,-2.9,0.59,2.2
2023-11-30,0.2,-0.8,-3.2,1.45,0.0
2023-12-01,1.5,0.1,-0.7,12.69,0.0
2023-12-02,-0.7,-2.6,-5.0,0.11,0.0
2023-12-03,1.1,-7.2,-16.9,1.68,3.0
2023-12-04,-5.1,-10.1,-17.6,0.0,0.0
2023-12-05,8.9,0.0,-5.9,5.06,0.6
2023-12-06,4.1,2.2,0.5,14.7,0.0
2023-12-07,7.7,-0.7,-7.0,0.0,5.7
2023-12-08,1.6,-1.9,-7.9,4.79,0.0
2023-12-09,9.2,3.5,1.5,9.63,2.6
2023-12-10,9.5,5.9,2.6,1.46,1.5
2023-12-11,10.1,7.9,5.3,2.11,0.0
2023-12-12,8.9,7.5,6.1,13.72,0.0
2023-12-13,8.9,6.9,5.1,4.35,0.0
2023-12-14,6.6,5.3,4.1,0.23,0.0
2023-12-15,4.7,3.7,1.9,0.98,0.0
2023-12-16,8.4,2.9,-1.8,0.0,1.7
2023-12-17,10.0,0.5,-3.6,0.02,4.7
2023-12-18,11.8,1.0,-4.0,0.01,5.6
2023-12-19,13.6,3.2,-3.6,0.06,5.5
2023-12-20,6.3,4.5,2.5,1.8,0.0
2023-12-21,8.5,6.5,3.1,5.58,0.0
2023-12-22,7.3,4.5,0.9,20.23,0.0
2023-12-23,7.6,7.4,5.5,6.24,0.0
2023-12-24,11.7,8.4,6.7,4.89,0.0
2023-12-25,13.5,10.6,6.8,0.0,2.6
2023-12-26,9.2,7.2,4.6,0.04,0.6
2023-12-27,10.5,5.4,-1.1,0.0,4.7
2023-12-28,13.0,6.5,-1.5,0.0,1.5
2023-12-29,11.4,9.0,5.6,0.0,0.0
2023-12-30,12.2,6.8,0.0,0.0,4.6
2023-12-31,7.9,2.9,-1.8,3.05,0.0
2024-01-01,7.9,5.0,2.4,0.0,3.5
2024-01-02,10.9,6.5,1.0,3.96,0.0
2024-01-03,12.6,10.1,7.0,1.2,0.9
2024-01-04,10.2,6.8,1.5,2.03,0.8
2024-01-05,6.8,3.5,-0.4,4.42,0.0
2024-01-06,4.7,2.9,0.3,16.6,0.0
2024-01-07,1.6,-0.4,-3.6,11.74,0.0
2024-01-08,-2.6,-4.1,-5.6,0.02,0.0
2024-01-09,-3.1,-6.9,-10.7,0.0,5.5
2024-01-10,-5.0,-6.9,-10.8,0.0,0.0
2024-01-11,-5.6,-7.0,-9.1,0.0,0.0
2024-01-12,-4.2,-5.7,-7.7,0.01,0.2
2024-01-13,-3.6,-5.3,-6.8,0.0,0.0
2024-01-14,0.9,-3.6,-7.0,0.0,4.2
2024-01-15,2.4,-1.5,-5.2,1.08,1.1
2024-01-16,0.6,-3.7,-9.4,0.04,0.1
2024-01-17,7.6,0.6,-9.5,11.5,0.0
2024-01-18,11.9,4.8,-1.6,3.8,0.0
2024-01-19,-0.5,-3.1,-7.4,0.0,0.6
2024-01-20,0.4,-6.3,-11.1,0.0,6.4
2024-01-21,2.1,-5.2,-11.9,0.0,3.8
2024-01-22,10.8,3.0,-6.4,6.76,0.1
2024-01-23,7.9,5.8,4.4,1.47,1.3
2024-01-24,14.8,10.3,5.1,4.19,0.1
2024-01-25,9.7,7.5,5.0,0.24,2.9
2024-01-26,12.8,7.9,2.2,6.71,0.4
2024-01-27,7.1,1.6,-3.3,0.0,7.1
2024-01-28,9.3,0.6,-4.8,0.0,7.2
2024-01-29,12.0,1.1,-5.3,0.0,6.7
2024-01-30,12.9,2.3,-4.3,0.0,5.7
2024-01-31,11.1,4.3,-0.4,0.0,0.5
2024-02-01,8.0,6.3,2.5,5.47,0.0
2024-02-02,9.0,6.3,2.8,0.13,0.0
2024-02-03,12.7,7.6,3.5,0.0,7.3
2024-02-04,10.4,9.3,5.4,1.3,0.4
2024-02-05,13.8,9.3,5.7,0.0,7.1
2024-02-06,10.5,6.8,1.6,0.0,6.9
2024-02-07,12.4,8.3,4.9,1.32,3.2
2024-02-08,13.5,9.9,6.6,1.29,0.0
2024-02-09,13.3,9.3,6.1,0.37,0.2
2024-02-10,13.1,7.1,2.5,0.0,0.0
2024-02-11,8.7,6.3,3.8,5.35,0.0
2024-02-12,10.3,6.7,4.3,1.0,0.8
2024-02-13,10.9,5.0,-0.1,0.0,5.8
2024-02-14,14.3,7.2,-1.4,0.0,2.0
2024-02-15,15.9,9.2,2.4,0.0,6.7
2024-02-16,18.5,9.8,0.6,0.02,5.2
2024-02-17,13.2,9.1,3.9,8.18,2.2
2024-02-18,13.8,7.7,2.7,0.53,3.3
2024-02-19,9.5,7.7,6.8,4.89,0.2
2024-02-20,8.5,6.1,4.4,5.92,1.4
2024-02-21,14.1,8.3,3.4,0.0,6.7
2024-02-22,11.5,8.9,7.1,14.79,0.0
2024-02-23,8.6,3.0,0.7,1.91,0.0
2024-02-24,9.4,3.8,-2.1,0.0,6.0
2024-02-25,11.7,6.0,-0.4,0.0,7.6
2024-02-26,12.2,8.8,-1.9,0.0,3.2
2024-02-27,8.5,5.6,2.5,0.0,0.2
2024-02-28,6.6,5.0,3.8,0.0,0.0
2024-02-29,7.8,4.6,-0.9,0.0,0.0
2024-03-01,8.8,4.9,-0.5,0.17,0.0
2024-03-02,12.7,7.4,3.7,0.23,7.7
2024-03-03,18.9,7.9,0.3,0.0,6.0
2024-03-04,9.5,6.2,0.0,0.0,0.0
2024-03-05,9.5,7.1,5.5,1.48,0.0
2024-03-06,6.8,5.3,3.8,5.75,0.0
2024-03-07,8.4,4.0,0.9,0.0,1.9
2024-03-08,10.1,3.9,-0.4,0.0,8.2
2024-03-09,16.2,6.5,-2.4,0.0,8.7
2024-03-10,16.4,8.3,1.8,0.0,1.9
2024-03-11,13.2,7.2,-0.5,0.0,8.0
2024-03-12,9.9,7.0,5.1,4.97,1.4
2024-03-13,11.3,8.3,4.2,5.22,0.5
2024-03-14,16.6,9.5,4.7,0.02,6.9
2024-03-15,18.0,9.8,2.8,6.14,4.6
2024-03-16,14.3,7.9,7.1,2.7,2.3
2024-03-17,13.8,10.8,5.0,0.0,2.8
2024-03-18,12.4,9.4,7.1,2.92,0.1
2024-03-19,15.8,9.6,3.4,0.01,5.2
2024-03-20,17.0,8.4,-0.2,0.0,9.3
2024-03-21,15.1,8.6,2.7,0.99,1.9
2024-03-22,17.2,10.5,1.9,0.0,8.7
2024-03-23,15.6,7.9,3.0,5.55,1.5
2024-03-24,6.9,3.6,1.3,5.76,1.8
2024-03-25,11.6,6.1,2.3,0.0,8.3
2024-03-26,14.5,6.8,-0.8,0.0,7.3
2024-03-27,22.1,9.2,1.8,15.23,4.9
2024-03-28,11.3,5.2,-0.3,1.82,3.2
2024-03-29,23.6,12.3,1.5,0.01,5.4
2024-03-30,23.8,16.5,10.9,0.0,7.0
2024-03-31,21.2,12.9,5.5,0.01,3.1
2024-04-01,16.8,11.1,7.9,0.51,0.1
2024-04-02,14.2,9.8,6.4,0.0,8.3
2024-04-03,14.3,9.3,1.4,4.24,0.6
2024-04-04,18.0,13.3,9.5,2.28,3.8
2024-04-05,24.6,16.3,9.5,0.04,6.8
2024-04-06,27.3,17.7,9.4,0.01,11.1
2024-04-07,26.5,16.8,6.7,0.0,6.3
2024-04-08,28.0,21.6,9.4,0.0,6.6
2024-04-09,19.5,12.2,5.4,4.68,0.3
2024-04-10,12.4,7.5,3.0,1.87,2.9
2024-04-11,16.2,8.7,1.3,0.0,8.7
2024-04-12,20.0,11.8,2.8,0.0,11.5
2024-04-13,23.9,14.7,5.6,0.0,9.2
2024-04-14,25.4,17.0,7.5,0.02,11.0
2024-04-15,16.5,12.8,5.4,11.37,1.7
2024-04-16,11.5,6.8,2.7,0.95,3.6
2024-04-17,8.9,4.3,2.2,8.27,1.7
2024-04-18,8.9,3.5,1.3,6.44,2.4
2024-04-19,7.9,4.4,2.2,4.28,0.9
2024-04-20,8.6,4.0,1.3,5.58,2.0
2024-04-21,7.1,3.4,0.8,2.7,0.8
2024-04-22,7.7,4.3,0.8,0.26,2.3
2024-04-23,3.8,3.2,1.4,0.72,0.0
2024-04-24,10.1,4.8,1.6,0.37,4.1
2024-04-25,10.0,5.1,1.2,0.34,6.3
2024-04-26,16.6,5.9,-1.2,0.03,7.6
2024-04-27,20.9,11.7,0.7,0.16,11.8
2024-04-28,25.2,15.5,7.2,0.08,6.9
2024-04-29,23.0,15.3,6.0,0.05,12.3
2024-04-30,27.7,18.0,8.4,0.01,10.8
2024-05-01,24.9,16.9,6.7,0.01,11.6
2024-05-02,24.4,16.1,10.9,0.0,3.8
2024-05-03,12.5,10.9,8.9,0.4,0.0
2024-05-04,19.6,12.8,7.8,0.05,9.5
2024-05-05,21.2,14.0,7.5,0.14,6.0
2024-05-06,22.5,13.6,6.5,21.56,7.3
2024-05-07,16.3,14.1,-0.1,0.01,0.5
2024-05-08,11.2,10.1,9.3,7.78,0.0
2024-05-09,18.3,12.5,5.9,0.14,8.0
2024-05-10,20.3,12.4,3.8,0.04,12.9
2024-05-11,21.7,13.7,4.8,0.02,13.3
2024-05-12,22.8,15.5,5.8,0.04,13.3
2024-05-13,23.5,15.8,6.5,0.13,13.4
2024-05-14,23.7,16.7,7.7,0.02,13.6
2024-05-15,24.0,16.4,9.5,0.99,6.8
2024-05-16,24.3,17.3,11.9,0.0,7.6
2024-05-17,15.6,12.7,9.7,5.73,1.4
2024-05-18,21.9,16.1,10.4,12.64,10.0
2024-05-19,22.7,15.9,9.1,0.45,10.3
2024-05-20,23.9,17.4,8.3,0.15,12.8
2024-05-21,16.5,14.3,11.8,11.02,0.0
2024-05-22,19.4,14.3,11.4,8.07,3.5
2024-05-23,21.6,14.0,9.0,19.59,7.6
2024-05-24,19.9,13.7,8.0,11.22,6.8
2024-05-25,20.2,13.4,8.4,1.62,6.5
2024-05-26,23.6,16.1,8.0,0.01,11.6
2024-05-27,22.8,17.1,12.3,26.31,5.9
2024-05-28,17.8,13.4,8.4,8.13,2.0
2024-05-29,22.1,14.4,6.7,0.56,6.9
2024-05-30,20.6,14.7,12.2,9.76,3.5
2024-05-31,12.5,11.2,9.6,38.3,0.0
2024-06-01,12.3,11.6,10.5,74.76,0.0
2024-06-02,20.0,13.7,11.4,1.13,0.7
2024-06-03,16.0,14.2,12.8,18.42,0.0
2024-06-04,22.0,16.1,11.2,0.02,10.4
2024-06-05,24.7,17.9,10.2,0.02,8.5
2024-06-06,26.1,19.0,11.7,0.87,10.0
2024-06-07,24.2,18.5,14.0,0.57,8.2
2024-06-08,26.7,18.5,11.5,3.02,7.9
2024-06-09,21.8,17.8,14.9,9.63,2.2
2024-06-10,22.0,16.9,13.3,6.01,6.2
2024-06-11,14.6,11.8,9.6,0.0,0.1
2024-06-12,18.9,15.8,9.0,0.04,9.3
2024-06-13,19.8,13.9,8.9,0.01,10.3
2024-06-14,21.9,14.9,7.2,0.03,3.8
2024-06-15,20.7,15.6,11.2,0.0,1.6
2024-06-16,23.7,17.8,13.0,0.02,7.2
2024-06-17,27.2,19.7,12.6,8.52,6.7
2024-06-18,29.4,21.3,12.8,0.16,13.8
2024-06-19,29.8,23.2,16.5,0.0,13.7
2024-06-20,26.1,20.9,15.8,0.01,5.5
2024-06-21,24.5,19.0,13.5,22.7,2.7
2024-06-22,23.8,17.1,12.9,2.82,10.1
2024-06-23,23.0,19.3,12.1,0.81,5.2
2024-06-24,26.0,22.6,15.0,0.02,12.9
2024-06-25,27.8,21.7,14.8,0.01,14.4
2024-06-26,27.3,19.8,16.0,2.16,6.2
2024-06-27,27.2,21.4,15.5,0.0,8.9
2024-06-28,29.5,23.4,18.2,1.13,11.0
2024-06-29,32.4,24.9,16.8,0.01,9.6
2024-06-30,25.2,21.2,16.0,1.14,2.3
2024-07-01,23.4,17.0,13.5,5.81,4.7
2024-07-02,19.7,15.7,12.3,2.85,1.6
2024-07-03,17.0,13.5,11.3,11.28,0.5
2024-07-04,22.4,18.5,11.1,2.35,4.1
2024-07-05,24.8,18.7,13.2,0.05,9.5
2024-07-06,30.8,20.1,12.4,21.49,9.2
2024-07-07,16.7,15.6,12.5,6.57,0.0
2024-07-08,23.6,18.4,14.1,0.63,6.3
2024-07-09,29.9,22.3,12.6,0.99,12.7
2024-07-10,28.6,22.2,17.7,1.88,7.1
2024-07-11,28.3,21.9,16.7,1.54,6.0
2024-07-12,26.9,21.4,16.4,7.31,5.6
2024-07-13,20.3,17.6,15.2,0.58,2.2
2024-07-14,26.8,20.1,14.3,0.01,8.8
2024-07-15,31.0,23.4,13.8,9.98,12.8
2024-07-16,26.6,20.7,17.2,11.05,2.4
2024-07-17,23.4,19.5,15.3,0.0,0.9
2024-07-18,27.7,20.8,13.4,0.0,12.3
2024-07-19,29.7,23.0,15.6,0.0,11.1
2024-07-20,27.3,21.6,16.4,5.44,6.4
2024-07-21,30.3,21.5,14.6,47.67,9.7
2024-07-22,25.1,20.4,16.4,6.84,5.5
2024-07-23,25.8,20.3,15.9,16.91,6.3
2024-07-24,22.8,18.7,14.4,0.36,8.5
2024-07-25,24.8,18.6,12.6,0.0,10.8
2024-07-26,27.9,22.3,11.5,0.0,10.9
2024-07-27,31.4,23.3,14.6,7.38,11.4
2024-07-28,23.9,19.0,12.6,6.57,7.7
2024-07-29,26.4,18.7,10.3,0.0,13.6
2024-07-30,29.5,20.3,10.2,0.04,13.1
2024-07-31,32.7,23.6,14.9,2.47,11.5
2024-08-01,28.6,24.1,16.7,4.03,7.3
2024-08-02,25.5,20.8,16.6,0.19,6.7
2024-08-03,25.7,20.3,16.1,7.98,6.1
2024-08-04,25.0,20.5,16.8,0.18,7.0
2024-08-05,25.3,19.7,13.9,0.0,6.3
2024-08-06,28.6,20.6,12.2,0.0,13.1
2024-08-07,28.3,20.6,15.0,4.13,7.7
2024-08-08,24.6,18.8,14.8,8.65,2.8
2024-08-09,27.5,20.3,12.7,0.03,11.4
2024-08-10,29.2,22.8,17.2,0.06,12.1
2024-08-11,31.1,23.2,15.2,0.01,12.9
2024-08-12,31.6,23.3,16.2,0.0,9.7
2024-08-13,32.4,24.4,17.4,0.54,10.9
2024-08-14,31.5,22.3,15.4,6.98,10.6
2024-08-15,28.2,21.6,15.7,0.2,12.4
2024-08-16,29.6,23.4,17.1,0.0,10.5
2024-08-17,25.9,19.8,18.5,5.66,5.3
2024-08-18,23.4,19.0,17.1,44.55,1.0
2024-08-19,17.1,15.8,14.7,13.77,0.0
2024-08-20,20.1,16.9,14.6,0.0,0.7
2024-08-21,21.7,17.0,11.1,3.59,5.3
2024-08-22,24.2,16.5,9.5,0.0,11.1
2024-08-23,29.1,22.9,11.7,0.0,11.6
2024-08-24,30.8,22.1,12.5,0.0,12.3
2024-08-25,21.4,15.8,10.9,8.38,0.8
2024-08-26,16.2,14.2,11.8,3.12,0.0
2024-08-27,24.3,18.2,13.8,0.0,8.1
2024-08-28,29.2,15.1,12.7,0.0,12.0
2024-08-29,30.8,21.5,14.0,0.0,12.1
2024-08-30,30.5,21.3,13.3,0.0,11.8
2024-08-31,30.1,22.2,14.0,0.0,10.9
2024-09-01,29.5,22.7,17.1,0.0,9.9
2024-09-02,27.4,21.2,17.1,0.0,7.4
2024-09-03,28.9,21.6,15.4,0.0,10.5
2024-09-04,29.0,21.9,16.8,4.93,7.0
2024-09-05,30.5,21.9,14.6,0.18,9.1
2024-09-06,25.2,19.3,15.1,0.01,5.6
2024-09-07,28.0,19.8,12.5,0.0,11.6
2024-09-08,24.7,19.1,13.4,10.49,4.3
2024-09-09,18.1,15.1,13.5,15.06,1.4
2024-09-10,18.9,14.9,11.5,0.71,2.8
2024-09-11,18.5,13.1,8.4,6.41,4.3
2024-09-12,11.5,8.7,7.2,4.22,0.0
2024-09-13,10.1,7.9,6.8,16.22,0.0
2024-09-14,8.6,7.4,6.2,47.04,0.0
2024-09-15,12.5,9.6,7.6,9.75,2.5
2024-09-16,10.7,8.9,8.3,32.42,0.0
2024-09-17,17.6,10.5,8.6,2.82,5.5
2024-09-18,20.9,14.7,7.6,0.01,8.8
2024-09-19,21.1,15.1,8.1,0.0,10.5
2024-09-20,21.6,10.9,8.2,0.0,10.6
2024-09-21,23.4,14.2,6.8,0.0,9.9
2024-09-22,23.1,14.3,6.9,0.0,7.1
2024-09-23,22.9,15.8,9.4,13.85,7.2
2024-09-24,19.9,14.4,10.0,3.27,8.3
2024-09-25,21.7,14.9,9.5,0.0,7.5
2024-09-26,20.6,13.8,11.9,9.48,0.0
2024-09-27,19.3,13.0,10.1,6.46,1.4
2024-09-28,14.2,10.6,6.3,0.49,1.1
2024-09-29,14.6,9.1,3.6,0.01,8.4
2024-09-30,16.1,11.8,5.3,2.06,1.9
2024-10-01,17.6,13.7,10.9,2.83,3.6
2024-10-02,14.8,10.8,5.5,5.48,2.7
2024-10-03,11.5,8.8,3.1,0.38,0.2
2024-10-04,10.6,8.8,7.6,7.04,0.0
2024-10-05,11.2,8.5,6.9,9.4,0.2
2024-10-06,14.5,9.1,6.0,0.02,5.2
2024-10-07,22.7,10.0,8.3,1.18,7.1
2024-10-08,21.1,14.3,9.2,10.91,3.0
2024-10-09,20.8,16.1,8.3,0.73,7.7
2024-10-10,17.3,13.0,10.6,4.34,0.0
2024-10-11,13.1,10.0,4.6,0.58,1.4
2024-10-12,14.2,8.5,2.0,0.03,2.7
2024-10-13,15.3,10.8,4.7,2.16,0.6
2024-10-14,16.5,10.8,5.0,4.94,1.4
2024-10-15,13.3,12.2,10.3,1.11,0.0
2024-10-16,17.2,11.9,8.6,0.0,3.2
2024-10-17,21.1,13.5,6.3,0.01,7.2
2024-10-18,14.9,11.3,9.3,0.88,0.2
2024-10-19,17.7,12.7,7.3,0.01,4.6
2024-10-20,15.6,12.6,9.7,0.0,0.9
2024-10-21,16.3,11.8,9.3,0.1,3.5
2024-10-22,19.3,13.9,8.6,0.5,0.7
2024-10-23,12.8,11.4,10.7,3.1,0.0
2024-10-24,12.3,11.1,10.2,0.1,0.0
2024-10-25,11.5,10.7,10.2,0.0,0.0
2024-10-26,11.2,10.3,8.8,0.0,0.0
2024-10-27,12.6,10.3,8.4,0.0,0.0
2024-10-28,11.5,9.6,8.3,0.3,0.0
2024-10-29,11.8,8.9,6.5,0.6,0.0
2024-10-30,14.0,10.4,8.2,0.3,1.4
2024-10-31,10.7,9.8,9.1,0.2,0.0
2024-11-01,15.8,9.8,3.8,0.2,5.1
2024-11-02,8.9,7.8,4.1,0.0,0.0
2024-11-03,8.3,6.4,1.8,0.1,0.0
2024-11-04,7.3,5.5,3.4,0.0,0.1
2024-11-05,7.4,4.9,2.8,0.1,0.0
2024-11-06,7.8,5.6,2.5,0.4,0.0
2024-11-07,6.8,6.1,5.4,0.6,0.0
2024-11-08,5.5,4.4,3.3,0.1,0.0
2024-11-09,5.2,4.0,3.1,0.0,0.0
2024-11-10,4.1,3.1,2.0,0.0,0.0
2024-11-11,4.1,2.4,1.2,0.0,0.0
2024-11-12,2.9,2.4,1.8,0.0,0.0
2024-11-13,1.7,1.1,0.2,0.9,0.0
2024-11-14,6.5,3.6,1.1,0.3,3.6
2024-11-15,7.2,4.0,-1.9,0.0,0.0
2024-11-16,9.5,1.3,-4.2,0.0,6.2
2024-11-17,8.9,4.4,-0.1,2.6,2.5
2024-11-18,9.5,6.7,2.6,1.0,2.0
2024-11-19,12.5,9.7,6.0,2.8,0.8
2024-11-20,8.6,2.7,0.9,10.8,2.2
2024-11-21,3.3,1.1,-1.2,3.8,0.4
2024-11-22,0.9,-0.5,-2.4,0.3,4.6
2024-11-23,5.8,2.3,0.6,0.0,4.1
2024-11-24,13.2,6.0,0.7,0.0,1.7
2024-11-25,15.3,5.0,-0.7,0.1,5.8
2024-11-26,11.5,7.1,1.7,2.7,2.3
2024-11-27,10.6,4.9,0.9,0.4,1.2
2024-11-28,9.9,5.6,3.1,10.1,0.0
2024-11-29,6.1,2.7,-2.7,0.0,2.5
2024-11-30,5.2,0.3,-3.3,0.0,4.9
2024-12-01,-1.7,-2.5,-3.4,0.0,0.0
2024-12-02,5.0,-0.4,-5.0,1.8,0.0
2024-12-03,6.7,5.4,3.6,5.8,0.6
2024-12-04,3.6,2.1,-1.1,0.7,0.0
2024-12-05,4.3,0.6,-2.8,0.0,4.3
2024-12-06,8.0,5.2,2.6,10.4,0.0
2024-12-07,5.5,3.2,-0.9,3.4,0.0
2024-12-08,5.4,3.7,0.7,8.1,0.2
2024-12-09,2.7,1.5,0.2,3.7,0.0
2024-12-10,2.3,1.4,0.2,0.1,0.0
2024-12-11,2.5,1.7,0.9,0.0,0.0
2024-12-12,2.0,1.2,0.7,0.0,0.0
2024-12-13,0.8,-0.4,-0.8,0.0,0.0
2024-12-14,3.9,1.3,-1.6,0.2,0.0
2024-12-15,5.0,3.6,1.8,0.5,1.0
2024-12-16,10.9,7.2,3.9,0.8,2.1
2024-12-17,6.2,4.5,1.9,0.0,0.0
2024-12-18,11.4,6.2,0.5,0.0,0.3
2024-12-19,12.4,6.2,0.6,2.2,0.0
2024-12-20,3.1,1.6,0.1,1.0,0.0
2024-12-21,6.8,3.3,-0.7,2.2,2.4
2024-12-22,5.9,3.3,0.0,16.6,0.4
2024-12-23,2.9,1.2,0.4,0.9,2.2
2024-12-24,2.4,1.3,-1.3,0.2,0.0
2024-12-25,3.6,-1.4,-4.6,0.0,4.6
2024-12-26,-1.2,-2.9,-3.8,0.0,0.3
2024-12-27,-2.6,-3.5,-4.8,0.1,0.0
2024-12-28,-2.4,-3.8,-5.0,0.0,0.0
2024-12-29,2.8,-2.7,-6.8,0.0,3.0
2024-12-30,-1.6,-2.3,-3.1,0.0,0.0
2024-12-31,-1.6,-3.9,-7.0,0.0,0.6
2025-01-01,11.4,2.2,-7.4,0.0,3.8
2025-01-02,10.1,5.8,0.1,14.5,0.0
2025-01-03,1.0,-1.0,-4.1,0.0,3.6
2025-01-04,-0.6,-3.6,-6.9,0.6,2.3
2025-01-05,7.9,2.6,-2.8,24.0,0.0
2025-01-06,9.9,4.7,-0.4,0.0,1.8
2025-01-07,7.6,4.4,1.2,0.3,0.3
2025-01-08,3.6,1.5,0.4,11.7,0.0
2025-01-09,12.7,7.1,0.3,5.7,2.1
2025-01-10,2.2,-0.7,-4.2,0.0,0.9
2025-01-11,-0.6,-2.4,-5.0,0.0,1.0
2025-01-12,0.0,-1.9,-5.0,0.0,0.8
2025-01-13,-0.6,-3.6,-5.8,0.0,4.2
2025-01-14,-1.1,-4.3,-7.0,0.0,2.8
2025-01-15,0.3,-0.6,-3.4,3.9,0.0
2025-01-16,1.0,0.4,-0.4,0.0,0.0
2025-01-17,0.1,-0.3,-0.7,0.0,0.0
2025-01-18,-0.5,-2.4,-5.6,0.0,0.0
2025-01-19,5.0,-1.5,-5.9,0.0,5.7
2025-01-20,5.4,-0.9,-5.3,0.0,3.8
2025-01-21,1.8,-1.9,-3.5,0.0,4.2
2025-01-22,-0.6,-2.0,-3.6,0.0,0.2
2025-01-23,6.6,1.6,-2.3,0.7,0.4
2025-01-24,11.1,5.0,-1.0,0.0,4.1
2025-01-25,13.3,5.8,0.3,0.0,0.2
2025-01-26,8.8,4.5,-1.4,0.0,0.2
2025-01-27,9.2,4.7,-0.1,9.8,1.1
2025-01-28,4.9,3.2,0.4,16.8,0.0
2025-01-29,10.0,4.8,-0.8,0.0,4.6
2025-01-30,7.4,1.4,-3.3,0.1,4.0
2025-01-31,5.1,2.1,-1.8,0.1,0.0
2025-02-01,3.6,-0.2,-2.2,0.0,1.0
2025-02-02,0.7,-0.5,-2.3,0.0,0.0
2025-02-03,-0.3,-1.1,-1.7,0.0,0.0
2025-02-04,-0.2,-1.4,-2.2,0.0,0.0
2025-02-05,4.1,-0.6,-3.4,0.0,5.4
2025-02-06,1.0,0.2,-0.8,0.0,0.0
2025-02-07,4.1,1.2,-0.4,0.0,1.9
2025-02-08,8.6,1.4,-5.0,0.0,7.4
2025-02-09,5.6,0.1,-3.7,0.0,2.7
2025-02-10,5.7,1.1,-2.4,0.0,2.5
2025-02-11,4.1,1.8,-0.3,2.3,0.2
2025-02-12,10.3,5.5,1.7,3.2,0.7
2025-02-13,7.3,3.4,-0.2,3.9,0.0
2025-02-14,-0.5,-1.1,-1.8,1.8,0.0
2025-02-15,1.0,-1.0,-3.5,0.0,3.5
2025-02-16,-1.2,-2.4,-3.0,0.7,0.0
2025-02-17,1.0,-3.5,-6.9,0.0,8.4
2025-02-18,1.2,-2.5,-5.2,0.0,7.9
2025-02-19,2.7,-2.9,-7.0,0.0,8.4
2025-02-20,10.0,1.2,-6.8,0.0,5.8
2025-02-21,13.7,5.7,-1.1,0.0,8.0
2025-02-22,11.9,4.3,-0.8,0.0,7.8
2025-02-23,12.1,7.3,3.1,0.1,1.2
2025-02-24,14.2,8.2,2.1,0.0,5.6
2025-02-25,14.0,8.8,4.8,2.8,2.5
2025-02-26,6.8,5.4,3.6,2.5,0.3
2025-02-27,6.7,3.0,-1.2,0.9,2.2
2025-02-28,6.5,2.8,-2.0,0.0,1.8
2025-03-01,5.6,-0.2,-3.4,0.0,2.1
2025-03-02,8.4,2.0,-3.1,0.0,9.4
2025-03-03,11.4,1.9,-5.6,0.0,9.5
2025-03-04,12.7,2.9,-4.3,0.0,9.1
2025-03-05,15.2,4.7,-4.1,0.0,9.8
2025-03-06,17.7,6.4,-2.7,0.0,9.9
2025-03-07,17.3,6.3,-2.1,0.0,9.9
2025-03-08,17.6,6.3,-2.8,0.0,10.2
2025-03-09,19.8,8.3,-2.5,0.0,10.2
2025-03-10,12.1,6.1,0.8,0.2,0.5
2025-03-11,14.8,6.7,-1.3,0.0,9.4
2025-03-12,10.2,5.9,1.8,3.3,0.7
2025-03-13,5.2,4.1,3.3,7.4,0.1
2025-03-14,5.6,3.9,1.0,5.4,0.0
2025-03-15,4.1,3.7,3.1,0.7,0.0
2025-03-16,4.8,3.7,2.1,0.1,0.1
2025-03-17,5.1,2.1,-1.5,0.0,4.7
2025-03-18,7.0,1.3,-3.5,0.0,10.8
2025-03-19,13.4,4.0,-4.9,0.0,10.8
2025-03-20,18.7,7.7,-2.7,0.0,10.7
2025-03-21,18.5,10.2,-0.7,0.0,9.8
2025-03-22,19.0,11.8,6.2,0.0,9.5
2025-03-23,13.8,9.1,5.5,0.5,0.0
2025-03-24,12.6,8.5,4.0,0.1,1.0
2025-03-25,13.2,9.3,6.7,13.2,2.4
2025-03-26,10.5,7.6,5.5,3.5,0.3
2025-03-27,8.7,5.5,0.8,0.3,0.0
2025-03-28,13.4,6.8,-0.9,1.7,7.0
2025-03-29,9.6,7.9,6.1,4.9,0.0
2025-03-30,12.2,9.1,6.4,0.0,4.0
2025-03-31,7.5,6.0,4.5,1.1,0.3
2025-04-01,10.1,6.4,3.4,0.3,1.9
2025-04-02,13.8,9.6,4.9,0.0,11.1
2025-04-03,17.9,11.3,4.9,0.0,11.7
2025-04-04,19.3,10.5,1.3,0.0,11.8
2025-04-05,18.9,10.6,1.3,0.0,8.4
2025-04-06,8.2,3.2,-2.1,0.0,11.8
2025-04-07,9.9,4.2,-3.2,0.0,11.8
2025-04-08,13.4,6.4,-2.6,0.0,11.9
2025-04-09,11.4,5.6,-1.8,0.0,6.8
2025-04-10,15.2,8.5,2.9,0.0,9.4
2025-04-11,18.4,10.3,1.1,0.0,12.0
2025-04-12,21.2,12.1,1.2,0.0,12.1
2025-04-13,19.8,12.7,5.5,0.0,1.0
2025-04-14,20.5,15.0,9.3,0.0,5.4
2025-04-15,21.9,15.0,8.2,0.0,6.7
2025-04-16,24.4,15.8,5.6,0.0,5.4
2025-04-17,18.0,11.9,9.2,0.0,6.0
2025-04-18,11.1,8.9,7.3,0.0,1.6
2025-04-19,20.6,12.5,1.7,0.0,12.4
2025-04-20,23.3,13.3,4.1,0.0,7.5
2025-04-21,18.4,12.8,7.6,0.2,4.1
2025-04-22,17.1,13.4,9.9,0.0,4.6
2025-04-23,20.2,14.2,6.4,4.9,9.7
2025-04-24,13.3,10.2,8.3,3.6,0.7
2025-04-25,13.4,9.9,7.7,3.4,1.6
2025-04-26,14.5,10.7,8.0,0.1,2.0
2025-04-27,18.5,11.7,6.4,0.0,12.3
2025-04-28,21.7,13.6,4.2,0.1,12.9
2025-04-29,23.6,15.2,5.4,0.3,12.4
2025-04-30,23.9,15.6,6.3,0.0,17.0
2025-05-01,25.2,16.1,6.1,0.0,13.2
2025-05-02,27.4,18.0,6.9,0.0,12.7
2025-05-03,23.5,18.1,12.0,0.3,5.2
2025-05-04,14.3,11.3,9.0,7.0,0.1
2025-05-05,9.2,6.9,6.1,17.4,0.0
2025-05-06,11.1,8.4,5.5,1.1,0.0
2025-05-07,14.6,10.8,6.3,0.2,5.2
2025-05-08,12.2,9.5,7.5,0.4,0.3
2025-05-09,14.8,9.2,3.7,0.0,10.5
2025-05-10,18.4,11.6,2.7,0.1,12.0
2025-05-11,20.7,13.2,1.0,0.0,13.5
2025-05-12,19.9,12.9,5.1,0.0,13.6
2025-05-13,19.8,11.6,2.1,0.0,13.6
2025-05-14,22.8,14.2,2.5,0.0,13.3
2025-05-15,16.4,12.3,2.4,0.0,8.6
2025-05-16,15.5,10.2,0.9,0.0,5.4
2025-05-17,17.3,12.7,7.8,0.4,5.1
2025-05-18,19.5,12.6,6.2,0.0,4.9
2025-05-19,22.2,14.0,4.4,0.0,13.2
2025-05-20,23.6,15.5,4.8,0.0,11.2
2025-05-21,22.5,16.1,12.2,0.1,3.4
2025-05-22,14.6,11.4,6.0,1.7,0.0
2025-05-23,14.2,10.5,5.2,2.2,6.0
2025-05-24,18.1,10.9,1.7,0.0,10.0
2025-05-25,15.7,12.6,8.6,4.8,0.2
2025-05-26,17.8,14.3,10.6,2.0,2.6
2025-05-27,18.1,13.7,8.2,0.0,2.3
2025-05-28,16.8,14.1,9.7,5.4,0.6
2025-05-29,17.5,14.2,10.3,0.0,1.7
2025-05-30,25.7,19.3,12.9,0.0,12.8
2025-05-31,29.9,21.6,10.0,0.0,13.0
2025-06-01,27.9,21.0,15.4,8.3,6.0
2025-06-02,21.5,17.2,15.0,9.3,1.5
2025-06-03,23.8,18.7,14.4,7.2,5.8
2025-06-04,27.2,19.1,13.8,9.2,8.4
2025-06-05,18.4,15.6,13.7,5.2,0.4
2025-06-06,25.6,19.2,14.4,0.4,7.5
2025-06-07,18.4,15.1,12.5,11.7,0.6
2025-06-08,19.6,14.6,11.2,0.2,4.9
2025-06-09,20.2,16.0,8.9,0.0,20.5
2025-06-10,24.6,17.4,6.7,0.0,10.8
2025-06-11,23.5,17.9,10.5,0.0,10.5
2025-06-12,25.6,18.3,10.5,0.0,14.3
2025-06-13,28.0,20.4,11.0,0.0,14.3
2025-06-14,30.1,21.7,11.2,0.0,13.0
2025-06-15,29.8,22.6,16.2,21.5,9.4
2025-06-16,21.7,17.4,13.9,5.0,4.8
2025-06-17,23.7,18.1,11.4,0.0,14.0
2025-06-18,27.0,19.3,10.1,0.0,13.5
2025-06-19,27.9,21.4,12.5,0.0,14.3
2025-06-20,25.9,19.9,11.9,0.0,13.5
2025-06-21,27.0,19.2,10.6,0.0,14.4
2025-06-22,31.2,21.3,8.1,0.0,14.4
2025-06-23,30.0,22.1,16.4,4.9,7.7
2025-06-24,28.5,22.2,16.3,0.0,12.4
2025-06-25,31.7,23.8,14.0,0.0,14.1
2025-06-26,30.7,21.1,14.6,14.3,4.9
2025-06-27,24.8,20.4,16.7,3.0,3.4
2025-06-28,28.5,22.3,15.4,0.0,12.4
2025-06-29,31.1,24.4,16.1,0.0,14.3
2025-06-30,31.2,24.3,16.0,0.0,14.4
2025-07-01,32.1,24.5,15.6,0.0,13.9
2025-07-02,33.6,24.0,13.8,1.2,12.1
2025-07-03,27.4,23.4,18.4,0.2,6.3
2025-07-04,26.5,20.3,15.0,7.9,8.3
2025-07-05,28.3,21.9,12.6,0.0,12.8
2025-07-06,24.9,19.9,14.7,2.7,2.9
2025-07-07,22.6,16.9,13.1,10.0,4.4
2025-07-08,15.3,13.3,11.3,4.4,1.2
2025-07-09,18.4,15.3,11.2,0.0,4.5
2025-07-10,22.5,18.2,12.9,0.0,5.6
2025-07-11,23.6,18.3,14.9,0.2,6.9
2025-07-12,25.5,19.4,14.1,0.0,11.1
2025-07-13,29.2,21.6,12.1,3.6,12.8
2025-07-14,23.0,18.2,13.8,2.5,3.3
2025-07-15,24.9,18.4,13.3,14.0,5.4
2025-07-16,22.1,17.0,12.9,13.5,2.1
2025-07-17,21.7,17.1,13.2,0.0,7.2
2025-07-18,25.4,20.0,13.0,0.0,11.6
2025-07-19,28.8,21.2,11.2,1.3,11.7
2025-07-20,30.9,23.6,15.4,1.8,13.1
2025-07-21,22.4,17.7,14.0,8.0,3.6
2025-07-22,22.9,18.7,12.7,0.0,11.1
2025-07-23,24.9,19.6,13.2,0.0,8.4
2025-07-24,19.2,16.1,14.1,23.9,0.5
2025-07-25,22.1,17.8,14.1,8.6,1.2
2025-07-26,18.2,16.4,15.3,8.2,0.0
2025-07-27,20.7,16.5,14.3,12.9,3.7
2025-07-28,16.7,15.3,14.0,4.0,0.2
2025-07-29,18.8,15.1,11.1,1.0,3.6
2025-07-30,19.8,14.9,9.6,1.8,0.7
2025-07-31,21.3,16.2,11.5,0.6,5.4
2025-08-01,21.1,16.3,12.4,3.4,3.0
2025-08-02,16.1,14.5,12.9,18.7,0.0
2025-08-03,17.1,14.5,12.4,18.2,1.8
2025-08-04,18.4,14.9,12.7,2.5,0.2
2025-08-05,26.2,19.0,12.3,4.6,6.5
2025-08-06,22.0,16.3,11.0,0.1,12.0
2025-08-07,27.1,17.9,8.5,0.0,13.1
2025-08-08,31.0,21.8,11.3,0.0,13.0
2025-08-09,32.2,23.5,13.5,0.0,12.9
2025-08-10,28.4,23.0,16.5,0.0,12.8
2025-08-11,27.3,20.6,14.5,0.0,12.9
2025-08-12,29.9,21.6,14.0,0.0,12.7
2025-08-13,32.9,24.0,15.4,0.0,12.8
2025-08-14,31.7,23.5,15.2,0.0,11.8
2025-08-15,32.6,24.9,16.1,0.8,11.6
2025-08-16,23.6,19.9,17.1,12.8,1.7
2025-08-17,23.8,19.1,14.7,0.0,6.4
2025-08-18,25.0,17.9,10.7,0.0,12.6
2025-08-19,26.5,18.0,9.9,0.0,12.6
2025-08-20,25.8,19.1,12.0,0.0,4.9
2025-08-21,19.0,17.4,15.9,5.1,0.0
2025-08-22,21.0,16.7,13.9,0.0,5.6
2025-08-23,18.3,14.6,11.2,0.0,2.2
2025-08-24,20.8,15.2,9.0,0.0,7.8
2025-08-25,23.5,15.5,7.6,0.0,11.8
2025-08-26,26.9,18.0,8.4,0.0,11.9
2025-08-27,28.4,21.3,16.4,1.4,7.2
2025-08-28,21.3,17.1,14.3,5.4,1.5
2025-08-29,21.2,16.8,14.5,20.2,4.8
2025-08-30,19.1,15.2,11.5,0.5,2.9
2025-08-31,23.9,17.2,9.4,0.0,11.9
2025-09-01,22.5,17.0,9.8,8.9,5.1
2025-09-02,18.4,14.6,11.0,1.9,1.8
2025-09-03,24.8,17.1,9.2,0.0,9.2
2025-09-04,26.9,19.0,10.8,21.9,11.0
2025-09-05,15.7,13.2,8.8,4.8,0.8
2025-09-06,20.7,14.0,6.3,0.0,11.7
2025-09-07,22.2,15.1,9.6,0.0,10.0
2025-09-08,22.0,16.2,8.3,0.0,5.2
2025-09-09,17.2,14.7,10.9,1.9,0.0
2025-09-10,14.4,12.4,9.6,7.5,0.0
2025-09-11,20.2,15.4,10.5,2.8,2.9
2025-09-12,17.4,14.4,12.5,0.0,0.8
2025-09-13,21.2,16.0,11.3,0.0,7.0
2025-09-14,16.1,13.6,12.4,15.0,1.0
2025-09-15,25.5,19.6,14.7,1.5,9.7
2025-09-16,18.6,14.9,10.7,0.0,6.8
2025-09-17,18.2,13.9,10.1,0.0,3.9
2025-09-18,25.3,16.8,10.5,0.0,10.6
2025-09-19,27.8,17.5,8.1,0.0,10.5
2025-09-20,30.2,19.5,10.1,0.0,8.9
2025-09-21,27.9,20.1,12.3,0.0,9.6
2025-09-22,15.0,13.0,9.6,0.7,0.0
2025-09-23,13.3,11.3,9.3,0.2,0.0
2025-09-24,11.4,10.3,9.2,9.4,0.0
2025-09-25,15.8,11.2,9.0,1.3,2.4
2025-09-26,15.0,12.6,10.4,0.2,1.2
2025-09-27,17.9,13.1,9.8,0.0,3.8
2025-09-28,17.0,12.0,9.1,0.1,2.3
2025-09-29,15.5,11.2,8.1,0.0,0.2
2025-09-30,11.5,10.0,6.9,6.9,0.0
2025-10-01,12.5,8.0,3.3,0.0,7.6
2025-10-02,13.0,6.5,1.1,0.0,8.4
2025-10-03,13.7,5.8,-0.3,0.0,9.6
2025-10-04,22.4,11.4,3.2,2.8,2.9
2025-10-05,10.7,8.7,7.0,5.4,0.2
2025-10-06,9.5,8.4,7.2,9.0,0.0
2025-10-07,13.6,10.2,6.9,4.8,0.1
2025-10-08,17.9,11.4,5.1,0.0,6.4
2025-10-09,14.3,11.9,8.7,0.6,0.0
2025-10-10,12.1,9.9,7.4,0.0,0.0
2025-10-11,15.9,12.1,9.4,0.0,3.0
2025-10-12,14.2,11.9,9.6,0.0,0.1
2025-10-13,12.6,9.8,5.1,0.0,0.2
2025-10-14,14.3,8.1,3.5,0.1,3.1
2025-10-15,14.5,8.1,1.8,0.0,2.4
2025-10-16,8.4,5.8,3.5,0.1,0.0
2025-10-17,12.9,8.6,5.8,0.0,1.0
2025-10-18,11.7,8.1,3.1,0.0,0.1
2025-10-19,12.1,6.0,0.3,0.0,2.5
2025-10-20,14.2,9.5,3.6,0.6,0.3
2025-10-21,18.5,11.8,7.8,0.0,5.7
2025-10-22,15.0,11.9,9.0,3.1,0.0
2025-10-23,13.9,10.5,8.4,11.5,0.0
2025-10-24,9.4,7.5,4.9,0.8,5.3
2025-10-25,11.3,8.0,6.4,3.4,1.2
2025-10-26,9.8,7.2,5.2,4.3,3.8
2025-10-27,7.3,6.3,5.2,11.6,0.0
2025-10-28,13.9,10.3,6.5,0.0,2.2
2025-10-29,15.3,9.1,4.6,0.0,7.0
2025-10-30,15.1,9.2,2.1,0.5,4.0
2025-10-31,9.0,4.4,-0.4,0.0,1.0
2025-11-01,16.5,11.1,4.5,0.0,5.9
2025-11-02,14.4,9.8,7.9,24.8,0.0
2025-11-03,11.6,7.1,2.2,0.1,1.4
2025-11-04,13.8,5.3,-0.6,0.1,7.4
2025-11-05,13.9,4.7,-1.0,0.0,6.9
2025-11-06,3.2,1.2,-1.8,0.1,0.0
2025-11-07,3.3,2.3,1.3,0.2,0.0
2025-11-08,4.5,2.9,1.3,0.0,0.0
2025-11-09,10.0,7.8,4.7,4.2,0.2
2025-11-10,9.6,6.5,1.2,0.0,0.1
2025-11-11,13.8,6.9,1.4,0.0,3.6
2025-11-12,11.9,4.7,-0.5,0.0,5.4
2025-11-13,16.3,6.1,0.1,0.0,5.1
2025-11-14,14.0,6.3,0.1,0.0,2.9
2025-11-15,12.5,6.8,2.6,0.0,2.8
2025-11-16,11.9,8.5,3.9,0.6,1.8
2025-11-17,8.9,5.2,1.0,6.8,0.0
2025-11-18,3.8,0.0,-4.1,0.0,2.1
2025-11-19,3.3,-0.8,-4.9,0.0,3.3
2025-11-20,3.6,1.3,-1.7,0.3,0.2
2025-11-21,0.2,-0.8,-2.4,0.3,0.0
2025-11-22,-2.5,-5.6,-9.5,0.0,0.2
2025-11-23,0.0,-4.5,-11.1,0.5,5.7
2025-11-24,3.8,1.9,-1.0,28.3,0.0
2025-11-25,4.9,3.0,1.4,4.2,0.0
2025-11-26,2.0,1.1,0.2,4.8,0.0
2025-11-27,2.7,-0.5,-4.2,0.0,0.1
2025-11-28,3.6,-1.2,-6.7,0.0,5.4
2025-11-29,6.7,2.0,-0.9,2.1,0.1
2025-11-30,5.9,1.9,-2.7,1.9,0.3
2025-12-01,4.4,3.7,3.2,1.0,0.0
2025-12-02,3.2,1.5,0.3,0.0,0.0
2025-12-03,0.4,0.0,-0.8,0.0,0.0
2025-12-04,-0.2,-0.5,-0.8,0.0,0.0
2025-12-05,3.4,1.5,-0.2,3.2,0.0
2025-12-06,7.4,4.2,1.1,0.2,0.5
2025-12-07,8.7,7.1,6.3,15.7,0.0
2025-12-08,13.8,10.1,5.2,4.6,0.0
2025-12-09,14.0,5.7,0.7,0.0,4.3
2025-12-10,12.6,4.7,-0.9,0.0,4.8
2025-12-11,7.3,6.3,4.2,0.4,0.0
2025-12-12,5.8,3.5,1.2,0.0,0.0
2025-12-13,3.5,2.1,0.7,0.2,0.0
2025-12-14,3.0,1.8,-0.6,0.1,0.0
2025-12-15,-0.2,-1.0,-1.6,0.0,0.0
2025-12-16,-0.6,-1.2,-1.9,0.0,0.0
2025-12-17,5.8,1.5,-1.4,0.0,0.0
2025-12-18,11.3,3.1,-1.1,0.0,2.9
2025-12-19,6.6,0.9,-2.8,0.0,4.3
2025-12-20,7.4,1.2,-2.7,0.0,3.8
2025-12-21,-0.2,-1.0,-2.5,0.0,0.0
2025-12-22,1.2,0.0,-1.0,0.0,0.0
2025-12-23,1.6,0.8,-0.1,0.1,0.0
2025-12-24,1.1,-0.4,-1.0,1.1,0.0
2025-12-25,1.6,-1.0,-2.5,0.0,2.7
2025-12-26,-0.8,-2.3,-4.7,0.0,0.0
2025-12-27,-2.1,-3.1,-5.2,0.0,0.0
2025-12-28,-1.5,-3.1,-5.0,0.0,0.0
2025-12-29,-3.4,-4.5,-5.6,0.1,0.0
2025-12-30,-0.4,-2.5,-7.3,0.8,0.0
2025-12-31,-0.4,-4.6,-10.5,0.0,2.8
2026-01-01,3.5,-2.1,-8.4,0.0,4.7
2026-01-02,1.8,0.7,-1.1,0.6,0.0
2026-01-03,0.1,-1.7,-3.9,0.0,5.2
2026-01-04,0.1,-5.2,-11.3,0.0,5.1
2026-01-05,-3.6,-8.8,-12.5,0.0,0.0
2026-01-06,-3.8,-8.7,-14.8,0.0,2.8
2026-01-07,-2.0,-6.6,-11.6,0.0,2.5
2026-01-08,1.4,-1.2,-5.6,6.0,0.1
2026-01-09,6.6,4.0,0.5,3.6,0.2
2026-01-10,3.1,0.8,-4.0,3.3,0.0
2026-01-11,-3.0,-6.6,-11.0,0.3,3.5
2026-01-12,5.6,-1.6,-11.3,6.0,0.0
2026-01-13,8.4,3.0,-1.0,0.0,0.4
2026-01-14,11.2,4.0,-1.3,0.0,1.8
2026-01-15,11.3,2.8,-1.6,0.0,3.1
2026-01-16,7.8,0.5,-3.3,0.0,5.6
2026-01-17,-0.9,-1.9,-2.4,0.0,0.0
2026-01-18,-0.1,-0.9,-1.6,0.0,0.0
2026-01-19,4.5,-0.9,-5.2,0.0,5.5
2026-01-20,3.2,-2.3,-7.0,0.0,6.2
2026-01-21,1.9,-4.0,-8.0,0.0,6.2
2026-01-22,-5.9,-7.1,-8.5,0.0,0.0
2026-01-23,-3.2,-6.1,-7.4,0.0,2.9
2026-01-24,-2.4,-4.5,-7.4,0.0,0.0
2026-01-25,-0.8,-3.1,-4.4,3.6,0.0
2026-01-26,4.5,3.0,0.5,4.8,0.0
2026-01-27,6.4,1.5,-2.8,0.0,6.5
2026-01-28,4.8,1.4,-0.5,0.1,5.3
2026-01-29,2.6,0.6,-0.6,8.0,0.0
2026-01-30,0.8,-1.6,-5.2,0.0,0.2
2026-01-31,3.1,-0.1,-2.5,0.0,3.7
2026-02-01,3.1,-0.2,-3.3,0.0,1.8
2026-02-02,0.0,-1.4,-3.3,0.0,0.1
2026-02-03,3.8,-0.2,-3.2,0.0,3.6
2026-02-04,0.6,-0.6,-3.1,0.0,0.0
2026-02-05,5.1,1.0,-0.8,0.0,3.6
2026-02-06,6.8,3.0,-0.7,0.6,0.4
2026-02-07,8.7,6.4,3.8,0.0,1.3
2026-02-08,8.0,3.4,-0.3,0.0,2.9
2026-02-09,3.5,1.4,-1.8,0.0,0.0
2026-02-10,6.0,1.8,-1.8,0.0,3.4
2026-02-11,11.3,7.0,1.4,6.1,2.6
2026-02-12,10.7,6.3,3.1,7.6,1.4
2026-02-13,9.2,6.2,3.8,2.2,1.8
2026-02-14,7.4,3.1,-0.4,6.7,0.1
2026-02-15,-0.4,-1.3,-2.1,3.3,0.1
2026-02-16,8.4,4.0,-1.9,9.1,3.8
2026-02-17,5.8,2.4,0.1,6.7,0.6
2026-02-18,4.1,1.1,-2.4,0.0,3.1
2026-02-19,1.3,0.1,-0.5,18.2,0.4
2026-02-20,2.7,0.6,-1.1,2.1,0.4
2026-02-21,6.8,4.6,2.6,10.2,0.0
2026-02-22,11.4,8.6,6.1,4.1,0.2
2026-02-23,11.6,9.4,7.4,4.3,1.2
2026-02-24,7.8,6.3,3.9,14.6,0.0
2026-02-25,10.6,5.0,-0.5,0.0,3.9
2026-02-26,15.3,7.4,2.6,0.1,6.9
2026-02-27,17.8,7.7,-0.1,0.0,9.2
2026-02-28,15.7,8.5,-0.9,0.1,8.8
2026-03-01,8.8,7.2,2.6,0.4,0.2
2026-03-02,11.3,4.6,-1.1,0.0,5.2
2026-03-03,6.2,3.3,-0.1,0.0,0.3
2026-03-04,6.7,3.6,1.3,0.2,0.3
2026-03-05,13.7,4.7,0.0,0.0,6.1
2026-03-06,15.5,5.7,-2.0,0.0,9.6
2026-03-07,15.7,5.9,-1.9,0.1,9.7
2026-03-08,13.9,5.8,-1.7,0.0,8.8
2026-03-09,14.5,7.4,-0.1,0.0,2.8
2026-03-10,16.8,9.2,2.7,0.0,9.5
2026-03-11,15.0,10.5,6.0,1.2,6.4
2026-03-12,11.7,7.1,1.1,3.4,1.4
2026-03-13,16.8,7.0,-1.2,0.0,10.0
2026-03-14,11.5,5.1,1.3,0.9,4.1
2026-03-15,6.3,4.5,2.6,0.0,0.2
2026-03-16,8.9,4.5,1.3,3.7,2.4
2026-03-17,6.4,2.0,-2.0,2.4,1.2
2026-03-18,10.8,4.5,-1.7,0.0,7.4
2026-03-19,13.1,5.9,-1.0,0.0,8.6
2026-03-20,12.8,5.3,-3.0,0.4,10.0
2026-03-21,10.7,5.4,-0.9,0.0,1.6
2026-03-22,13.6,6.7,0.5,0.0,10.7
2026-03-23,12.0,5.4,-1.8,0.0,6.7
2026-03-24,14.3,7.4,1.7,0.0,8.8
2026-03-25,14.5,7.1,2.1,2.5,3.8
2026-03-26,5.3,2.5,-1.2,0.3,2.0
2026-03-27,5.9,1.6,-2.8,0.0,4.6
2026-03-28,8.3,2.5,-5.2,1.1,10.8
2026-03-29,4.7,2.3,0.1,3.2,0.0
2026-03-30,5.5,2.5,0.1,5.6,3.1
2026-03-31,5.6,3.1,0.7,0.0,1.6
2026-04-01,8.2,4.4,0.3,0.0,4.0
2026-04-02,8.7,4.9,-1.9,0.0,2.0
2026-04-03,13.2,8.6,1.0,0.0,8.4
2026-04-04,12.9,10.2,6.4,2.3,0.2
2026-04-05,22.6,14.1,2.6,0.5,10.0
2026-04-06,15.9,10.9,4.0,0.0,10.1
2026-04-07,18.0,10.5,1.1,0.0,11.8
2026-04-08,16.4,9.1,1.6,0.0,11.8
2026-04-09,15.2,8.2,-1.0,0.0,9.1
2026-04-10,10.4,8.4,6.4,3.9,0.0
2026-04-11,17.0,10.8,4.7,0.0,10.1
2026-04-12,10.9,9.1,7.5,0.2,0.0
2026-04-13,12.3,9.2,5.3,0.0,0.0
2026-04-14,9.7,8.7,7.7,0.0,0.0
2026-04-15,12.4,10.2,7.7,0.0,0.0
2026-04-16,17.1,11.8,5.0,0.0,5.5
2026-04-17,20.2,12.0,2.6,0.1,12.2
